"No.","Time","Source","Destination","Protocol","Length","Info"
"1","0.000000000","::1","::1","TCP","76","64126  >  80 [SYN] Seq=0 Win=65535 Len=0 MSS=65475 WS=256 SACK_PERM"
"2","0.000041400","::1","::1","TCP","76","80  >  64126 [SYN, ACK] Seq=0 Ack=1 Win=65535 Len=0 MSS=65475 WS=256 SACK_PERM"
"3","0.000094100","::1","::1","TCP","64","64126  >  80 [ACK] Seq=1 Ack=1 Win=2618880 Len=0"
"4","0.000309400","::1","::1","TCP","76","64127  >  80 [SYN] Seq=0 Win=65535 Len=0 MSS=65475 WS=256 SACK_PERM"
"5","0.000351900","::1","::1","TCP","76","80  >  64127 [SYN, ACK] Seq=0 Ack=1 Win=65535 Len=0 MSS=65475 WS=256 SACK_PERM"
"6","0.000379200","::1","::1","TCP","64","64127  >  80 [ACK] Seq=1 Ack=1 Win=2618880 Len=0"
"7","0.000693800","::1","::1","HTTP","949","GET /interface/login/login.php?site=default HTTP/1.1 "
"8","0.000710000","::1","::1","TCP","64","80  >  64126 [ACK] Seq=1 Ack=886 Win=2618880 Len=0"
"9","0.114527400","::1","::1","TCP","4152","80  >  64126 [PSH, ACK] Seq=1 Ack=886 Win=2618880 Len=4088 [TCP PDU reassembled in 11]"
"10","0.114549700","::1","::1","TCP","64","64126  >  80 [ACK] Seq=886 Ack=4089 Win=2614784 Len=0"
"11","0.114572200","::1","::1","HTTP","2987","HTTP/1.1 200 OK  (text/html)"
"12","0.114580900","::1","::1","TCP","64","64126  >  80 [ACK] Seq=886 Ack=7012 Win=2611968 Len=0"
"13","0.202423500","::1","::1","HTTP","830","GET /interface/product_registration/product_registration_controller.php HTTP/1.1 "
"14","0.202448800","::1","::1","TCP","64","80  >  64126 [ACK] Seq=7012 Ack=1652 Win=2618112 Len=0"
"15","0.261311000","::1","::1","HTTP/JSON","625","HTTP/1.1 200 OK , JSON (application/json)"
"16","0.261343700","::1","::1","TCP","64","64126  >  80 [ACK] Seq=1652 Ack=7573 Win=2611200 Len=0"
"17","4.201971800","::1","::1","HTTP","841","GET /interface/login/login.php?site=default HTTP/1.1 "
"18","4.202000500","::1","::1","TCP","64","80  >  64126 [ACK] Seq=7573 Ack=2429 Win=2617344 Len=0"
"19","4.283159400","::1","::1","TCP","4152","80  >  64126 [PSH, ACK] Seq=7573 Ack=2429 Win=2617344 Len=4088 [TCP PDU reassembled in 21]"
"20","4.283180500","::1","::1","TCP","64","64126  >  80 [ACK] Seq=2429 Ack=11661 Win=2607104 Len=0"
"21","4.283203800","::1","::1","HTTP","2986","HTTP/1.1 200 OK  (text/html)"
"22","4.283212500","::1","::1","TCP","64","64126  >  80 [ACK] Seq=2429 Ack=14583 Win=2604288 Len=0"
"23","4.319863500","::1","::1","HTTP","830","GET /interface/product_registration/product_registration_controller.php HTTP/1.1 "
"24","4.319901100","::1","::1","TCP","64","80  >  64126 [ACK] Seq=14583 Ack=3195 Win=2616576 Len=0"
"25","4.374275400","::1","::1","HTTP/JSON","625","HTTP/1.1 200 OK , JSON (application/json)"
"26","4.374313200","::1","::1","TCP","64","64126  >  80 [ACK] Seq=3195 Ack=15144 Win=2603776 Len=0"
"27","9.379084700","::1","::1","TCP","64","80  >  64126 [FIN, ACK] Seq=15144 Ack=3195 Win=2616576 Len=0"
"28","9.379103800","::1","::1","TCP","64","64126  >  80 [ACK] Seq=3195 Ack=15145 Win=2603776 Len=0"
"29","13.578223700","::1","::1","TCP","64","64126  >  80 [FIN, ACK] Seq=3195 Ack=15145 Win=2603776 Len=0"
"30","13.578260000","::1","::1","TCP","64","80  >  64126 [ACK] Seq=15145 Ack=3196 Win=2616576 Len=0"
"31","13.578534500","::1","::1","TCP","76","64153  >  80 [SYN] Seq=0 Win=65535 Len=0 MSS=65475 WS=256 SACK_PERM"
"32","13.578585900","::1","::1","TCP","76","80  >  64153 [SYN, ACK] Seq=0 Ack=1 Win=65535 Len=0 MSS=65475 WS=256 SACK_PERM"
"33","13.578617800","::1","::1","TCP","64","64153  >  80 [ACK] Seq=1 Ack=1 Win=2618880 Len=0"
"34","13.603533500","::1","::1","HTTP","1065","POST /interface/main/main_screen.php?auth=login&site=default HTTP/1.1  (application/x-www-form-urlencoded)"
"35","13.603565600","::1","::1","TCP","64","80  >  64127 [ACK] Seq=1 Ack=1002 Win=2618880 Len=0"
"36","13.917645400","::1","::1","HTTP","1086","HTTP/1.1 200 OK  (text/html)"
"37","13.917668800","::1","::1","TCP","64","64127  >  80 [ACK] Seq=1002 Ack=1023 Win=2617856 Len=0"
"38","13.953734500","::1","::1","HTTP","914","GET /interface/login_screen.php?error=1&site= HTTP/1.1 "
"39","13.953776900","::1","::1","TCP","64","80  >  64127 [ACK] Seq=1023 Ack=1852 Win=2618112 Len=0"
"40","14.009340900","::1","::1","HTTP","721","HTTP/1.1 200 OK  (text/html)"
"41","14.009380900","::1","::1","TCP","64","64127  >  80 [ACK] Seq=1852 Ack=1680 Win=2617088 Len=0"
"42","14.042567400","::1","::1","HTTP","898","GET /interface/login/login.php?site=default HTTP/1.1 "
"43","14.042619700","::1","::1","TCP","64","80  >  64127 [ACK] Seq=1680 Ack=2686 Win=2617088 Len=0"
"44","14.126515600","::1","::1","TCP","4152","80  >  64127 [PSH, ACK] Seq=1680 Ack=2686 Win=2617088 Len=4088 [TCP PDU reassembled in 46]"
"45","14.126601500","::1","::1","TCP","64","64127  >  80 [ACK] Seq=2686 Ack=5768 Win=2612992 Len=0"
"46","14.126702700","::1","::1","HTTP","3112","HTTP/1.1 200 OK  (text/html)"
"47","14.126746200","::1","::1","TCP","64","64127  >  80 [ACK] Seq=2686 Ack=8816 Win=2610176 Len=0"
"48","14.155121400","::1","::1","HTTP","832","GET /interface/product_registration/product_registration_controller.php HTTP/1.1 "
"49","14.155145700","::1","::1","TCP","64","80  >  64127 [ACK] Seq=8816 Ack=3454 Win=2616320 Len=0"
"50","14.203110900","::1","::1","HTTP/JSON","625","HTTP/1.1 200 OK , JSON (application/json)"
"51","14.203141100","::1","::1","TCP","64","64127  >  80 [ACK] Seq=3454 Ack=9377 Win=2609408 Len=0"
"52","19.209137800","::1","::1","TCP","64","80  >  64127 [FIN, ACK] Seq=9377 Ack=3454 Win=2616320 Len=0"
"53","19.209221400","::1","::1","TCP","64","64127  >  80 [ACK] Seq=3454 Ack=9378 Win=2609408 Len=0"
"54","31.679429100","::1","::1","TCP","64","64127  >  80 [FIN, ACK] Seq=3454 Ack=9378 Win=2609408 Len=0"
"55","31.679457600","::1","::1","TCP","64","80  >  64127 [ACK] Seq=9378 Ack=3455 Win=2616320 Len=0"
"56","31.679634100","::1","::1","HTTP","1065","POST /interface/main/main_screen.php?auth=login&site=default HTTP/1.1  (application/x-www-form-urlencoded)"
"57","31.679653700","::1","::1","TCP","64","80  >  64153 [ACK] Seq=1 Ack=1002 Win=2618880 Len=0"
"58","31.682196900","::1","::1","TCP","76","64154  >  80 [SYN] Seq=0 Win=65535 Len=0 MSS=65475 WS=256 SACK_PERM"
"59","31.682243000","::1","::1","TCP","76","80  >  64154 [SYN, ACK] Seq=0 Ack=1 Win=65535 Len=0 MSS=65475 WS=256 SACK_PERM"
"60","31.682287500","::1","::1","TCP","64","64154  >  80 [ACK] Seq=1 Ack=1 Win=2618880 Len=0"
"61","31.781272400","::1","::1","HTTP","1082","HTTP/1.1 200 OK  (text/html)"
"62","31.781293300","::1","::1","TCP","64","64153  >  80 [ACK] Seq=1002 Ack=1019 Win=2617856 Len=0"
"63","31.813302200","::1","::1","HTTP","910","GET /interface/login_screen.php?error=1&site= HTTP/1.1 "
"64","31.813346300","::1","::1","TCP","64","80  >  64153 [ACK] Seq=1019 Ack=1848 Win=2618112 Len=0"
"65","31.869408500","::1","::1","HTTP","721","HTTP/1.1 200 OK  (text/html)"
"66","31.869427900","::1","::1","TCP","64","64153  >  80 [ACK] Seq=1848 Ack=1676 Win=2617088 Len=0"
"67","31.895156300","::1","::1","HTTP","894","GET /interface/login/login.php?site=default HTTP/1.1 "
"68","31.895202200","::1","::1","TCP","64","80  >  64153 [ACK] Seq=1676 Ack=2678 Win=2617088 Len=0"
"69","31.984909600","::1","::1","TCP","4152","80  >  64153 [PSH, ACK] Seq=1676 Ack=2678 Win=2617088 Len=4088 [TCP PDU reassembled in 71]"
"70","31.984936100","::1","::1","TCP","64","64153  >  80 [ACK] Seq=2678 Ack=5764 Win=2612992 Len=0"
"71","31.984965400","::1","::1","HTTP","3108","HTTP/1.1 200 OK  (text/html)"
"72","31.984975000","::1","::1","TCP","64","64153  >  80 [ACK] Seq=2678 Ack=8808 Win=2610176 Len=0"
"73","32.072247600","::1","::1","HTTP","828","GET /interface/product_registration/product_registration_controller.php HTTP/1.1 "
"74","32.072284700","::1","::1","TCP","64","80  >  64153 [ACK] Seq=8808 Ack=3442 Win=2616320 Len=0"
"75","32.123294900","::1","::1","HTTP/JSON","625","HTTP/1.1 200 OK , JSON (application/json)"
"76","32.123318800","::1","::1","TCP","64","64153  >  80 [ACK] Seq=3442 Ack=9369 Win=2609408 Len=0"
"77","37.128068300","::1","::1","TCP","64","80  >  64153 [FIN, ACK] Seq=9369 Ack=3442 Win=2616320 Len=0"
"78","37.128082000","::1","::1","TCP","64","64153  >  80 [ACK] Seq=3442 Ack=9370 Win=2609408 Len=0"
"79","37.234216600","::1","::1","TCP","64","64153  >  80 [FIN, ACK] Seq=3442 Ack=9370 Win=2609408 Len=0"
"80","37.234254800","::1","::1","TCP","64","80  >  64153 [ACK] Seq=9370 Ack=3443 Win=2616320 Len=0"
"81","37.234668400","::1","::1","TCP","76","64158  >  80 [SYN] Seq=0 Win=65535 Len=0 MSS=65475 WS=256 SACK_PERM"
"82","37.234720200","::1","::1","TCP","76","80  >  64158 [SYN, ACK] Seq=0 Ack=1 Win=65535 Len=0 MSS=65475 WS=256 SACK_PERM"
"83","37.234739100","::1","::1","TCP","64","64158  >  80 [ACK] Seq=1 Ack=1 Win=2618880 Len=0"
"84","37.234997100","::1","::1","HTTP","1063","POST /interface/main/main_screen.php?auth=login&site=default HTTP/1.1  (application/x-www-form-urlencoded)"
"85","37.235013900","::1","::1","TCP","64","80  >  64154 [ACK] Seq=1 Ack=1000 Win=2618880 Len=0"
"86","37.315915700","::1","::1","HTTP","1084","HTTP/1.1 200 OK  (text/html)"
"87","37.315932200","::1","::1","TCP","64","64154  >  80 [ACK] Seq=1000 Ack=1021 Win=2617856 Len=0"
"88","37.342638400","::1","::1","HTTP","912","GET /interface/login_screen.php?error=1&site= HTTP/1.1 "
"89","37.342708800","::1","::1","TCP","64","80  >  64154 [ACK] Seq=1021 Ack=1848 Win=2618112 Len=0"
"90","37.403101200","::1","::1","HTTP","721","HTTP/1.1 200 OK  (text/html)"
"91","37.403118800","::1","::1","TCP","64","64154  >  80 [ACK] Seq=1848 Ack=1678 Win=2617088 Len=0"
"92","37.432038900","::1","::1","HTTP","896","GET /interface/login/login.php?site=default HTTP/1.1 "
"93","37.432084800","::1","::1","TCP","64","80  >  64154 [ACK] Seq=1678 Ack=2680 Win=2617088 Len=0"
"94","37.562278600","::1","::1","TCP","4152","80  >  64154 [PSH, ACK] Seq=1678 Ack=2680 Win=2617088 Len=4088 [TCP PDU reassembled in 96]"
"95","37.562305400","::1","::1","TCP","64","64154  >  80 [ACK] Seq=2680 Ack=5766 Win=2612992 Len=0"
"96","37.562337900","::1","::1","HTTP","3110","HTTP/1.1 200 OK  (text/html)"
"97","37.562349800","::1","::1","TCP","64","64154  >  80 [ACK] Seq=2680 Ack=8812 Win=2610176 Len=0"
"98","37.649558500","::1","::1","HTTP","830","GET /interface/product_registration/product_registration_controller.php HTTP/1.1 "
"99","37.649587100","::1","::1","TCP","64","80  >  64154 [ACK] Seq=8812 Ack=3446 Win=2616320 Len=0"
"100","37.703808100","::1","::1","HTTP/JSON","625","HTTP/1.1 200 OK , JSON (application/json)"
"101","37.703844200","::1","::1","TCP","64","64154  >  80 [ACK] Seq=3446 Ack=9373 Win=2609408 Len=0"
"102","42.708531200","::1","::1","TCP","64","80  >  64154 [FIN, ACK] Seq=9373 Ack=3446 Win=2616320 Len=0"
"103","42.708545800","::1","::1","TCP","64","64154  >  80 [ACK] Seq=3446 Ack=9374 Win=2609408 Len=0"
"104","54.768145700","::1","::1","TCP","64","64154  >  80 [FIN, ACK] Seq=3446 Ack=9374 Win=2609408 Len=0"
"105","54.768163500","::1","::1","TCP","64","80  >  64154 [ACK] Seq=9374 Ack=3447 Win=2616320 Len=0"
"106","54.768524500","::1","::1","HTTP","1070","POST /interface/main/main_screen.php?auth=login&site=default HTTP/1.1  (application/x-www-form-urlencoded)"
"107","54.768560900","::1","::1","TCP","64","80  >  64158 [ACK] Seq=1 Ack=1007 Win=2618880 Len=0"
"108","54.771199500","::1","::1","TCP","76","64159  >  80 [SYN] Seq=0 Win=65535 Len=0 MSS=65475 WS=256 SACK_PERM"
"109","54.771247300","::1","::1","TCP","76","80  >  64159 [SYN, ACK] Seq=0 Ack=1 Win=65535 Len=0 MSS=65475 WS=256 SACK_PERM"
"110","54.771273400","::1","::1","TCP","64","64159  >  80 [ACK] Seq=1 Ack=1 Win=2618880 Len=0"
"111","54.876430600","::1","::1","HTTP","1082","HTTP/1.1 200 OK  (text/html)"
"112","54.876465500","::1","::1","TCP","64","64158  >  80 [ACK] Seq=1007 Ack=1019 Win=2617856 Len=0"
"113","54.913873900","::1","::1","HTTP","910","GET /interface/login_screen.php?error=1&site= HTTP/1.1 "
"114","54.913912800","::1","::1","TCP","64","80  >  64158 [ACK] Seq=1019 Ack=1853 Win=2618112 Len=0"
"115","54.977645200","::1","::1","HTTP","721","HTTP/1.1 200 OK  (text/html)"
"116","54.977703100","::1","::1","TCP","64","64158  >  80 [ACK] Seq=1853 Ack=1676 Win=2617088 Len=0"
"117","55.002286800","::1","::1","HTTP","894","GET /interface/login/login.php?site=default HTTP/1.1 "
"118","55.002328600","::1","::1","TCP","64","80  >  64158 [ACK] Seq=1676 Ack=2683 Win=2617088 Len=0"
"119","55.083989900","::1","::1","TCP","4152","80  >  64158 [PSH, ACK] Seq=1676 Ack=2683 Win=2617088 Len=4088 [TCP PDU reassembled in 121]"
"120","55.084024300","::1","::1","TCP","64","64158  >  80 [ACK] Seq=2683 Ack=5764 Win=2612992 Len=0"
"121","55.084054100","::1","::1","HTTP","3108","HTTP/1.1 200 OK  (text/html)"
"122","55.084063800","::1","::1","TCP","64","64158  >  80 [ACK] Seq=2683 Ack=8808 Win=2610176 Len=0"
"123","55.160010200","::1","::1","HTTP","828","GET /interface/product_registration/product_registration_controller.php HTTP/1.1 "
"124","55.160064400","::1","::1","TCP","64","80  >  64158 [ACK] Seq=8808 Ack=3447 Win=2616320 Len=0"
"125","55.204011300","::1","::1","HTTP/JSON","625","HTTP/1.1 200 OK , JSON (application/json)"
"126","55.204032700","::1","::1","TCP","64","64158  >  80 [ACK] Seq=3447 Ack=9369 Win=2609408 Len=0"
"127","60.209134800","::1","::1","TCP","64","80  >  64158 [FIN, ACK] Seq=9369 Ack=3447 Win=2616320 Len=0"
"128","60.209156600","::1","::1","TCP","64","64158  >  80 [ACK] Seq=3447 Ack=9370 Win=2609408 Len=0"
"129","60.532521700","::1","::1","TCP","64","64158  >  80 [FIN, ACK] Seq=3447 Ack=9370 Win=2609408 Len=0"
"130","60.532543000","::1","::1","TCP","64","80  >  64158 [ACK] Seq=9370 Ack=3448 Win=2616320 Len=0"
"131","60.532879100","::1","::1","TCP","76","64160  >  80 [SYN] Seq=0 Win=65535 Len=0 MSS=65475 WS=256 SACK_PERM"
"132","60.532922600","::1","::1","TCP","76","80  >  64160 [SYN, ACK] Seq=0 Ack=1 Win=65535 Len=0 MSS=65475 WS=256 SACK_PERM"
"133","60.532958100","::1","::1","TCP","64","64160  >  80 [ACK] Seq=1 Ack=1 Win=2618880 Len=0"
"134","60.533194000","::1","::1","HTTP","1064","POST /interface/main/main_screen.php?auth=login&site=default HTTP/1.1  (application/x-www-form-urlencoded)"
"135","60.533229500","::1","::1","TCP","64","80  >  64159 [ACK] Seq=1 Ack=1001 Win=2618880 Len=0"
"136","60.637675700","::1","::1","HTTP","1082","HTTP/1.1 200 OK  (text/html)"
"137","60.637698800","::1","::1","TCP","64","64159  >  80 [ACK] Seq=1001 Ack=1019 Win=2617856 Len=0"
"138","60.665660500","::1","::1","HTTP","910","GET /interface/login_screen.php?error=1&site= HTTP/1.1 "
"139","60.665699800","::1","::1","TCP","64","80  >  64159 [ACK] Seq=1019 Ack=1847 Win=2618112 Len=0"
"140","60.720721400","::1","::1","HTTP","721","HTTP/1.1 200 OK  (text/html)"
"141","60.720745000","::1","::1","TCP","64","64159  >  80 [ACK] Seq=1847 Ack=1676 Win=2617088 Len=0"
"142","60.745696400","::1","::1","HTTP","894","GET /interface/login/login.php?site=default HTTP/1.1 "
"143","60.745737100","::1","::1","TCP","64","80  >  64159 [ACK] Seq=1676 Ack=2677 Win=2617088 Len=0"
"144","60.832552700","::1","::1","TCP","4152","80  >  64159 [PSH, ACK] Seq=1676 Ack=2677 Win=2617088 Len=4088 [TCP PDU reassembled in 146]"
"145","60.832585900","::1","::1","TCP","64","64159  >  80 [ACK] Seq=2677 Ack=5764 Win=2612992 Len=0"
"146","60.832623400","::1","::1","HTTP","3108","HTTP/1.1 200 OK  (text/html)"
"147","60.832634100","::1","::1","TCP","64","64159  >  80 [ACK] Seq=2677 Ack=8808 Win=2610176 Len=0"
"148","60.912411700","::1","::1","HTTP","828","GET /interface/product_registration/product_registration_controller.php HTTP/1.1 "
"149","60.912447800","::1","::1","TCP","64","80  >  64159 [ACK] Seq=8808 Ack=3441 Win=2616320 Len=0"
"150","60.969000500","::1","::1","HTTP/JSON","625","HTTP/1.1 200 OK , JSON (application/json)"
"151","60.969025900","::1","::1","TCP","64","64159  >  80 [ACK] Seq=3441 Ack=9369 Win=2609408 Len=0"
"152","65.974094300","::1","::1","TCP","64","80  >  64159 [FIN, ACK] Seq=9369 Ack=3441 Win=2616320 Len=0"
"153","65.974120400","::1","::1","TCP","64","64159  >  80 [ACK] Seq=3441 Ack=9370 Win=2609408 Len=0"
"154","66.962933300","::1","::1","TCP","64","64159  >  80 [FIN, ACK] Seq=3441 Ack=9370 Win=2609408 Len=0"
"155","66.962951600","::1","::1","TCP","64","80  >  64159 [ACK] Seq=9370 Ack=3442 Win=2616320 Len=0"
"156","66.963285000","::1","::1","TCP","76","64165  >  80 [SYN] Seq=0 Win=65535 Len=0 MSS=65475 WS=256 SACK_PERM"
"157","66.963323500","::1","::1","TCP","76","80  >  64165 [SYN, ACK] Seq=0 Ack=1 Win=65535 Len=0 MSS=65475 WS=256 SACK_PERM"
"158","66.963352400","::1","::1","TCP","64","64165  >  80 [ACK] Seq=1 Ack=1 Win=2618880 Len=0"
"159","66.980638400","::1","::1","HTTP","1063","POST /interface/main/main_screen.php?auth=login&site=default HTTP/1.1  (application/x-www-form-urlencoded)"
"160","66.980665100","::1","::1","TCP","64","80  >  64160 [ACK] Seq=1 Ack=1000 Win=2618880 Len=0"
"161","67.079530200","::1","::1","HTTP","1082","HTTP/1.1 200 OK  (text/html)"
"162","67.079581600","::1","::1","TCP","64","64160  >  80 [ACK] Seq=1000 Ack=1019 Win=2617856 Len=0"
"163","67.117365500","::1","::1","HTTP","910","GET /interface/login_screen.php?error=1&site= HTTP/1.1 "
"164","67.117406700","::1","::1","TCP","64","80  >  64160 [ACK] Seq=1019 Ack=1846 Win=2618112 Len=0"
"165","67.174683100","::1","::1","HTTP","721","HTTP/1.1 200 OK  (text/html)"
"166","67.174709200","::1","::1","TCP","64","64160  >  80 [ACK] Seq=1846 Ack=1676 Win=2617088 Len=0"
"167","67.204401600","::1","::1","HTTP","894","GET /interface/login/login.php?site=default HTTP/1.1 "
"168","67.204446100","::1","::1","TCP","64","80  >  64160 [ACK] Seq=1676 Ack=2676 Win=2617088 Len=0"
"169","67.302250700","::1","::1","TCP","4152","80  >  64160 [PSH, ACK] Seq=1676 Ack=2676 Win=2617088 Len=4088 [TCP PDU reassembled in 171]"
"170","67.302280000","::1","::1","TCP","64","64160  >  80 [ACK] Seq=2676 Ack=5764 Win=2612992 Len=0"
"171","67.302316400","::1","::1","HTTP","3108","HTTP/1.1 200 OK  (text/html)"
"172","67.302331200","::1","::1","TCP","64","64160  >  80 [ACK] Seq=2676 Ack=8808 Win=2610176 Len=0"
"173","67.386889900","::1","::1","HTTP","828","GET /interface/product_registration/product_registration_controller.php HTTP/1.1 "
"174","67.386926400","::1","::1","TCP","64","80  >  64160 [ACK] Seq=8808 Ack=3440 Win=2616320 Len=0"
"175","67.451705600","::1","::1","HTTP/JSON","625","HTTP/1.1 200 OK , JSON (application/json)"
"176","67.451741600","::1","::1","TCP","64","64160  >  80 [ACK] Seq=3440 Ack=9369 Win=2609408 Len=0"
"177","72.456592200","::1","::1","TCP","64","80  >  64160 [FIN, ACK] Seq=9369 Ack=3440 Win=2616320 Len=0"
"178","72.456619500","::1","::1","TCP","64","64160  >  80 [ACK] Seq=3440 Ack=9370 Win=2609408 Len=0"
"179","77.065080200","::1","::1","TCP","64","64160  >  80 [FIN, ACK] Seq=3440 Ack=9370 Win=2609408 Len=0"
"180","77.065111900","::1","::1","TCP","64","80  >  64160 [ACK] Seq=9370 Ack=3441 Win=2616320 Len=0"
"181","77.065307500","::1","::1","TCP","76","64170  >  80 [SYN] Seq=0 Win=65535 Len=0 MSS=65475 WS=256 SACK_PERM"
"182","77.065341200","::1","::1","TCP","76","80  >  64170 [SYN, ACK] Seq=0 Ack=1 Win=65535 Len=0 MSS=65475 WS=256 SACK_PERM"
"183","77.065362100","::1","::1","TCP","64","64170  >  80 [ACK] Seq=1 Ack=1 Win=2618880 Len=0"
"184","77.065624600","::1","::1","HTTP","1072","POST /interface/main/main_screen.php?auth=login&site=default HTTP/1.1  (application/x-www-form-urlencoded)"
"185","77.065646300","::1","::1","TCP","64","80  >  64165 [ACK] Seq=1 Ack=1009 Win=2618880 Len=0"
"186","77.173402400","::1","::1","HTTP","1084","HTTP/1.1 200 OK  (text/html)"
"187","77.173425000","::1","::1","TCP","64","64165  >  80 [ACK] Seq=1009 Ack=1021 Win=2617856 Len=0"
"188","77.207550800","::1","::1","HTTP","912","GET /interface/login_screen.php?error=1&site= HTTP/1.1 "
"189","77.207593200","::1","::1","TCP","64","80  >  64165 [ACK] Seq=1021 Ack=1857 Win=2618112 Len=0"
"190","77.277643000","::1","::1","HTTP","721","HTTP/1.1 200 OK  (text/html)"
"191","77.277679500","::1","::1","TCP","64","64165  >  80 [ACK] Seq=1857 Ack=1678 Win=2617088 Len=0"
"192","77.311176300","::1","::1","HTTP","896","GET /interface/login/login.php?site=default HTTP/1.1 "
"193","77.311220800","::1","::1","TCP","64","80  >  64165 [ACK] Seq=1678 Ack=2689 Win=2617088 Len=0"
"194","77.420979800","::1","::1","TCP","4152","80  >  64165 [PSH, ACK] Seq=1678 Ack=2689 Win=2617088 Len=4088 [TCP PDU reassembled in 196]"
"195","77.421010900","::1","::1","TCP","64","64165  >  80 [ACK] Seq=2689 Ack=5766 Win=2612992 Len=0"
"196","77.421045000","::1","::1","HTTP","3110","HTTP/1.1 200 OK  (text/html)"
"197","77.421056900","::1","::1","TCP","64","64165  >  80 [ACK] Seq=2689 Ack=8812 Win=2610176 Len=0"
"198","77.528405800","::1","::1","HTTP","830","GET /interface/product_registration/product_registration_controller.php HTTP/1.1 "
"199","77.528455500","::1","::1","TCP","64","80  >  64165 [ACK] Seq=8812 Ack=3455 Win=2616320 Len=0"
"200","77.597035100","::1","::1","HTTP/JSON","625","HTTP/1.1 200 OK , JSON (application/json)"
"201","77.597061900","::1","::1","TCP","64","64165  >  80 [ACK] Seq=3455 Ack=9373 Win=2609408 Len=0"
"202","82.599210900","::1","::1","TCP","64","80  >  64165 [FIN, ACK] Seq=9373 Ack=3455 Win=2616320 Len=0"
"203","82.599236000","::1","::1","TCP","64","64165  >  80 [ACK] Seq=3455 Ack=9374 Win=2609408 Len=0"
"204","85.290308800","::1","::1","TCP","64","64165  >  80 [FIN, ACK] Seq=3455 Ack=9374 Win=2609408 Len=0"
"205","85.290334400","::1","::1","TCP","64","80  >  64165 [ACK] Seq=9374 Ack=3456 Win=2616320 Len=0"
"206","85.290453600","::1","::1","HTTP","1064","POST /interface/main/main_screen.php?auth=login&site=default HTTP/1.1  (application/x-www-form-urlencoded)"
"207","85.290471500","::1","::1","TCP","64","80  >  64170 [ACK] Seq=1 Ack=1001 Win=2618880 Len=0"
"208","85.292786300","::1","::1","TCP","76","64171  >  80 [SYN] Seq=0 Win=65535 Len=0 MSS=65475 WS=256 SACK_PERM"
"209","85.292833300","::1","::1","TCP","76","80  >  64171 [SYN, ACK] Seq=0 Ack=1 Win=65535 Len=0 MSS=65475 WS=256 SACK_PERM"
"210","85.292857900","::1","::1","TCP","64","64171  >  80 [ACK] Seq=1 Ack=1 Win=2618880 Len=0"
"211","85.383528200","::1","::1","HTTP","1084","HTTP/1.1 200 OK  (text/html)"
"212","85.383551900","::1","::1","TCP","64","64170  >  80 [ACK] Seq=1001 Ack=1021 Win=2617856 Len=0"
"213","85.412507700","::1","::1","HTTP","912","GET /interface/login_screen.php?error=1&site= HTTP/1.1 "
"214","85.412563300","::1","::1","TCP","64","80  >  64170 [ACK] Seq=1021 Ack=1849 Win=2618112 Len=0"
"215","85.468212900","::1","::1","HTTP","721","HTTP/1.1 200 OK  (text/html)"
"216","85.468236400","::1","::1","TCP","64","64170  >  80 [ACK] Seq=1849 Ack=1678 Win=2617088 Len=0"
"217","85.495862500","::1","::1","HTTP","896","GET /interface/login/login.php?site=default HTTP/1.1 "
"218","85.495901800","::1","::1","TCP","64","80  >  64170 [ACK] Seq=1678 Ack=2681 Win=2617088 Len=0"
"219","85.587689700","::1","::1","TCP","4152","80  >  64170 [PSH, ACK] Seq=1678 Ack=2681 Win=2617088 Len=4088 [TCP PDU reassembled in 221]"
"220","85.587714700","::1","::1","TCP","64","64170  >  80 [ACK] Seq=2681 Ack=5766 Win=2612992 Len=0"
"221","85.587743500","::1","::1","HTTP","3110","HTTP/1.1 200 OK  (text/html)"
"222","85.587751500","::1","::1","TCP","64","64170  >  80 [ACK] Seq=2681 Ack=8812 Win=2610176 Len=0"
"223","85.674317700","::1","::1","HTTP","830","GET /interface/product_registration/product_registration_controller.php HTTP/1.1 "
"224","85.674346400","::1","::1","TCP","64","80  >  64170 [ACK] Seq=8812 Ack=3447 Win=2616320 Len=0"
"225","85.763039700","::1","::1","HTTP/JSON","625","HTTP/1.1 200 OK , JSON (application/json)"
"226","85.763075800","::1","::1","TCP","64","64170  >  80 [ACK] Seq=3447 Ack=9373 Win=2609408 Len=0"
"227","90.767842400","::1","::1","TCP","64","80  >  64170 [FIN, ACK] Seq=9373 Ack=3447 Win=2616320 Len=0"
"228","90.767862700","::1","::1","TCP","64","64170  >  80 [ACK] Seq=3447 Ack=9374 Win=2609408 Len=0"
"229","91.968257400","::1","::1","TCP","64","64170  >  80 [FIN, ACK] Seq=3447 Ack=9374 Win=2609408 Len=0"
"230","91.968281500","::1","::1","TCP","64","80  >  64170 [ACK] Seq=9374 Ack=3448 Win=2616320 Len=0"
"231","91.968554400","::1","::1","TCP","76","64172  >  80 [SYN] Seq=0 Win=65535 Len=0 MSS=65475 WS=256 SACK_PERM"
"232","91.968610300","::1","::1","TCP","76","80  >  64172 [SYN, ACK] Seq=0 Ack=1 Win=65535 Len=0 MSS=65475 WS=256 SACK_PERM"
"233","91.968646700","::1","::1","TCP","64","64172  >  80 [ACK] Seq=1 Ack=1 Win=2618880 Len=0"
"234","91.984642300","::1","::1","HTTP","1065","POST /interface/main/main_screen.php?auth=login&site=default HTTP/1.1  (application/x-www-form-urlencoded)"
"235","91.984680500","::1","::1","TCP","64","80  >  64171 [ACK] Seq=1 Ack=1002 Win=2618880 Len=0"
"236","92.091742800","::1","::1","HTTP","1084","HTTP/1.1 200 OK  (text/html)"
"237","92.091765300","::1","::1","TCP","64","64171  >  80 [ACK] Seq=1002 Ack=1021 Win=2617856 Len=0"
"238","92.121236100","::1","::1","HTTP","912","GET /interface/login_screen.php?error=1&site= HTTP/1.1 "
"239","92.121295000","::1","::1","TCP","64","80  >  64171 [ACK] Seq=1021 Ack=1850 Win=2618112 Len=0"
"240","92.169539600","::1","::1","HTTP","721","HTTP/1.1 200 OK  (text/html)"
"241","92.169586300","::1","::1","TCP","64","64171  >  80 [ACK] Seq=1850 Ack=1678 Win=2617088 Len=0"
"242","92.192644000","::1","::1","HTTP","896","GET /interface/login/login.php?site=default HTTP/1.1 "
"243","92.192676400","::1","::1","TCP","64","80  >  64171 [ACK] Seq=1678 Ack=2682 Win=2617088 Len=0"
"244","92.276914000","::1","::1","TCP","4152","80  >  64171 [PSH, ACK] Seq=1678 Ack=2682 Win=2617088 Len=4088 [TCP PDU reassembled in 246]"
"245","92.276936700","::1","::1","TCP","64","64171  >  80 [ACK] Seq=2682 Ack=5766 Win=2612992 Len=0"
"246","92.276962700","::1","::1","HTTP","3110","HTTP/1.1 200 OK  (text/html)"
"247","92.276970000","::1","::1","TCP","64","64171  >  80 [ACK] Seq=2682 Ack=8812 Win=2610176 Len=0"
"248","92.364485400","::1","::1","HTTP","830","GET /interface/product_registration/product_registration_controller.php HTTP/1.1 "
"249","92.364519300","::1","::1","TCP","64","80  >  64171 [ACK] Seq=8812 Ack=3448 Win=2616320 Len=0"
"250","92.419989000","::1","::1","HTTP/JSON","625","HTTP/1.1 200 OK , JSON (application/json)"
"251","92.420012300","::1","::1","TCP","64","64171  >  80 [ACK] Seq=3448 Ack=9373 Win=2609408 Len=0"
"252","97.424887400","::1","::1","TCP","64","80  >  64171 [FIN, ACK] Seq=9373 Ack=3448 Win=2616320 Len=0"
"253","97.424900500","::1","::1","TCP","64","64171  >  80 [ACK] Seq=3448 Ack=9374 Win=2609408 Len=0"
"254","98.576369900","::1","::1","TCP","64","64171  >  80 [FIN, ACK] Seq=3448 Ack=9374 Win=2609408 Len=0"
"255","98.576384900","::1","::1","TCP","64","80  >  64171 [ACK] Seq=9374 Ack=3449 Win=2616320 Len=0"
"256","98.576523300","::1","::1","HTTP","1064","POST /interface/main/main_screen.php?auth=login&site=default HTTP/1.1  (application/x-www-form-urlencoded)"
"257","98.576541300","::1","::1","TCP","64","80  >  64172 [ACK] Seq=1 Ack=1001 Win=2618880 Len=0"
"258","98.579571600","::1","::1","TCP","76","64173  >  80 [SYN] Seq=0 Win=65535 Len=0 MSS=65475 WS=256 SACK_PERM"
"259","98.579622400","::1","::1","TCP","76","80  >  64173 [SYN, ACK] Seq=0 Ack=1 Win=65535 Len=0 MSS=65475 WS=256 SACK_PERM"
"260","98.579663900","::1","::1","TCP","64","64173  >  80 [ACK] Seq=1 Ack=1 Win=2618880 Len=0"
"261","98.674574600","::1","::1","HTTP","1082","HTTP/1.1 200 OK  (text/html)"
"262","98.674602700","::1","::1","TCP","64","64172  >  80 [ACK] Seq=1001 Ack=1019 Win=2617856 Len=0"
"263","98.706693100","::1","::1","HTTP","910","GET /interface/login_screen.php?error=1&site= HTTP/1.1 "
"264","98.706739300","::1","::1","TCP","64","80  >  64172 [ACK] Seq=1019 Ack=1847 Win=2618112 Len=0"
"265","98.771118900","::1","::1","HTTP","721","HTTP/1.1 200 OK  (text/html)"
"266","98.771145700","::1","::1","TCP","64","64172  >  80 [ACK] Seq=1847 Ack=1676 Win=2617088 Len=0"
"267","98.800022900","::1","::1","HTTP","894","GET /interface/login/login.php?site=default HTTP/1.1 "
"268","98.800066600","::1","::1","TCP","64","80  >  64172 [ACK] Seq=1676 Ack=2677 Win=2617088 Len=0"
"269","98.893579300","::1","::1","TCP","4152","80  >  64172 [PSH, ACK] Seq=1676 Ack=2677 Win=2617088 Len=4088 [TCP PDU reassembled in 271]"
"270","98.893612900","::1","::1","TCP","64","64172  >  80 [ACK] Seq=2677 Ack=5764 Win=2612992 Len=0"
"271","98.893667800","::1","::1","HTTP","3108","HTTP/1.1 200 OK  (text/html)"
"272","98.893685700","::1","::1","TCP","64","64172  >  80 [ACK] Seq=2677 Ack=8808 Win=2610176 Len=0"
"273","98.978198800","::1","::1","HTTP","828","GET /interface/product_registration/product_registration_controller.php HTTP/1.1 "
"274","98.978249300","::1","::1","TCP","64","80  >  64172 [ACK] Seq=8808 Ack=3441 Win=2616320 Len=0"
"275","99.049504100","::1","::1","HTTP/JSON","625","HTTP/1.1 200 OK , JSON (application/json)"
"276","99.049528700","::1","::1","TCP","64","64172  >  80 [ACK] Seq=3441 Ack=9369 Win=2609408 Len=0"
"277","104.054195900","::1","::1","TCP","64","80  >  64172 [FIN, ACK] Seq=9369 Ack=3441 Win=2616320 Len=0"
"278","104.054215200","::1","::1","TCP","64","64172  >  80 [ACK] Seq=3441 Ack=9370 Win=2609408 Len=0"
"279","110.112282700","::1","::1","TCP","64","64172  >  80 [FIN, ACK] Seq=3441 Ack=9370 Win=2609408 Len=0"
"280","110.112322900","::1","::1","TCP","64","80  >  64172 [ACK] Seq=9370 Ack=3442 Win=2616320 Len=0"
"281","110.112544200","::1","::1","TCP","76","64174  >  80 [SYN] Seq=0 Win=65535 Len=0 MSS=65475 WS=256 SACK_PERM"
"282","110.112575500","::1","::1","TCP","76","80  >  64174 [SYN, ACK] Seq=0 Ack=1 Win=65535 Len=0 MSS=65475 WS=256 SACK_PERM"
"283","110.112595000","::1","::1","TCP","64","64174  >  80 [ACK] Seq=1 Ack=1 Win=2618880 Len=0"
"284","110.112823800","::1","::1","HTTP","1070","POST /interface/main/main_screen.php?auth=login&site=default HTTP/1.1  (application/x-www-form-urlencoded)"
"285","110.112846000","::1","::1","TCP","64","80  >  64173 [ACK] Seq=1 Ack=1007 Win=2618880 Len=0"
"286","110.216172600","::1","::1","HTTP","1082","HTTP/1.1 200 OK  (text/html)"
"287","110.216200200","::1","::1","TCP","64","64173  >  80 [ACK] Seq=1007 Ack=1019 Win=2617856 Len=0"
"288","110.251723300","::1","::1","HTTP","910","GET /interface/login_screen.php?error=1&site= HTTP/1.1 "
"289","110.251764100","::1","::1","TCP","64","80  >  64173 [ACK] Seq=1019 Ack=1853 Win=2618112 Len=0"
"290","110.314551800","::1","::1","HTTP","721","HTTP/1.1 200 OK  (text/html)"
"291","110.314576100","::1","::1","TCP","64","64173  >  80 [ACK] Seq=1853 Ack=1676 Win=2617088 Len=0"
"292","110.342444400","::1","::1","HTTP","894","GET /interface/login/login.php?site=default HTTP/1.1 "
"293","110.342470800","::1","::1","TCP","64","80  >  64173 [ACK] Seq=1676 Ack=2683 Win=2617088 Len=0"
"294","110.433543100","::1","::1","TCP","4152","80  >  64173 [PSH, ACK] Seq=1676 Ack=2683 Win=2617088 Len=4088 [TCP PDU reassembled in 296]"
"295","110.433568600","::1","::1","TCP","64","64173  >  80 [ACK] Seq=2683 Ack=5764 Win=2612992 Len=0"
"296","110.433596400","::1","::1","HTTP","3108","HTTP/1.1 200 OK  (text/html)"
"297","110.433606900","::1","::1","TCP","64","64173  >  80 [ACK] Seq=2683 Ack=8808 Win=2610176 Len=0"
"298","110.514679300","::1","::1","HTTP","828","GET /interface/product_registration/product_registration_controller.php HTTP/1.1 "
"299","110.514711300","::1","::1","TCP","64","80  >  64173 [ACK] Seq=8808 Ack=3447 Win=2616320 Len=0"
"300","110.560790000","::1","::1","HTTP/JSON","625","HTTP/1.1 200 OK , JSON (application/json)"
"301","110.560822400","::1","::1","TCP","64","64173  >  80 [ACK] Seq=3447 Ack=9369 Win=2609408 Len=0"
"302","115.565659400","::1","::1","TCP","64","80  >  64173 [FIN, ACK] Seq=9369 Ack=3447 Win=2616320 Len=0"
"303","115.565682200","::1","::1","TCP","64","64173  >  80 [ACK] Seq=3447 Ack=9370 Win=2609408 Len=0"
"304","119.056763000","::1","::1","TCP","64","64173  >  80 [FIN, ACK] Seq=3447 Ack=9370 Win=2609408 Len=0"
"305","119.056792000","::1","::1","TCP","64","80  >  64173 [ACK] Seq=9370 Ack=3448 Win=2616320 Len=0"
"306","119.056917700","::1","::1","HTTP","1064","POST /interface/main/main_screen.php?auth=login&site=default HTTP/1.1  (application/x-www-form-urlencoded)"
"307","119.056935300","::1","::1","TCP","64","80  >  64174 [ACK] Seq=1 Ack=1001 Win=2618880 Len=0"
"308","119.059181400","::1","::1","TCP","76","64175  >  80 [SYN] Seq=0 Win=65535 Len=0 MSS=65475 WS=256 SACK_PERM"
"309","119.059218000","::1","::1","TCP","76","80  >  64175 [SYN, ACK] Seq=0 Ack=1 Win=65535 Len=0 MSS=65475 WS=256 SACK_PERM"
"310","119.059237600","::1","::1","TCP","64","64175  >  80 [ACK] Seq=1 Ack=1 Win=2618880 Len=0"
"311","119.157043300","::1","::1","HTTP","1086","HTTP/1.1 200 OK  (text/html)"
"312","119.157062600","::1","::1","TCP","64","64174  >  80 [ACK] Seq=1001 Ack=1023 Win=2617856 Len=0"
"313","119.184970700","::1","::1","HTTP","914","GET /interface/login_screen.php?error=1&site= HTTP/1.1 "
"314","119.185001700","::1","::1","TCP","64","80  >  64174 [ACK] Seq=1023 Ack=1851 Win=2618112 Len=0"
"315","119.227723900","::1","::1","HTTP","721","HTTP/1.1 200 OK  (text/html)"
"316","119.227749700","::1","::1","TCP","64","64174  >  80 [ACK] Seq=1851 Ack=1680 Win=2617088 Len=0"
"317","119.253604100","::1","::1","HTTP","898","GET /interface/login/login.php?site=default HTTP/1.1 "
"318","119.253640600","::1","::1","TCP","64","80  >  64174 [ACK] Seq=1680 Ack=2685 Win=2617088 Len=0"
"319","119.326890000","::1","::1","TCP","4152","80  >  64174 [PSH, ACK] Seq=1680 Ack=2685 Win=2617088 Len=4088 [TCP PDU reassembled in 321]"
"320","119.326924900","::1","::1","TCP","64","64174  >  80 [ACK] Seq=2685 Ack=5768 Win=2612992 Len=0"
"321","119.326957800","::1","::1","HTTP","3112","HTTP/1.1 200 OK  (text/html)"
"322","119.326965600","::1","::1","TCP","64","64174  >  80 [ACK] Seq=2685 Ack=8816 Win=2610176 Len=0"
"323","119.405941800","::1","::1","HTTP","832","GET /interface/product_registration/product_registration_controller.php HTTP/1.1 "
"324","119.405968800","::1","::1","TCP","64","80  >  64174 [ACK] Seq=8816 Ack=3453 Win=2616320 Len=0"
"325","119.458046000","::1","::1","HTTP/JSON","625","HTTP/1.1 200 OK , JSON (application/json)"
"326","119.458086300","::1","::1","TCP","64","64174  >  80 [ACK] Seq=3453 Ack=9377 Win=2609408 Len=0"
"327","122.528513200","::1","::1","HTTP","1062","POST /interface/main/main_screen.php?auth=login&site=default HTTP/1.1  (application/x-www-form-urlencoded)"
"328","122.528535600","::1","::1","TCP","64","80  >  64174 [ACK] Seq=9377 Ack=4451 Win=2615296 Len=0"
"329","122.658446500","::1","::1","HTTP","864","HTTP/1.1 302 Found "
"330","122.658468100","::1","::1","TCP","64","64174  >  80 [ACK] Seq=4451 Ack=10177 Win=2608640 Len=0"
"331","122.661236800","::1","::1","HTTP","980","GET /interface/main/tabs/main.php?token_main=Ve1i660PiEs91TQVBsiSY2LaUbAV8EOfZVa8a1wx HTTP/1.1 "
"332","122.661266600","::1","::1","TCP","64","80  >  64174 [ACK] Seq=10177 Ack=5367 Win=2614528 Len=0"
"333","122.701078000","::1","::1","TCP","4152","80  >  64174 [PSH, ACK] Seq=10177 Ack=5367 Win=2614528 Len=4088 [TCP PDU reassembled in 353]"
"334","122.701122600","::1","::1","TCP","64","64174  >  80 [ACK] Seq=5367 Ack=14265 Win=2604544 Len=0"
"335","122.701160900","::1","::1","TCP","7394","80  >  64174 [PSH, ACK] Seq=14265 Ack=5367 Win=2614528 Len=7330 [TCP PDU reassembled in 353]"
"336","122.701171400","::1","::1","TCP","64","64174  >  80 [ACK] Seq=5367 Ack=21595 Win=2597376 Len=0"
"337","122.721345000","::1","::1","TCP","4152","80  >  64174 [PSH, ACK] Seq=21595 Ack=5367 Win=2614528 Len=4088 [TCP PDU reassembled in 353]"
"338","122.721378500","::1","::1","TCP","64","64174  >  80 [ACK] Seq=5367 Ack=25683 Win=2593280 Len=0"
"339","122.721418900","::1","::1","TCP","5424","80  >  64174 [PSH, ACK] Seq=25683 Ack=5367 Win=2614528 Len=5360 [TCP PDU reassembled in 353]"
"340","122.721433800","::1","::1","TCP","64","64174  >  80 [ACK] Seq=5367 Ack=31043 Win=2587904 Len=0"
"341","122.771420900","::1","::1","TCP","4152","80  >  64174 [PSH, ACK] Seq=31043 Ack=5367 Win=2614528 Len=4088 [TCP PDU reassembled in 353]"
"342","122.771456300","::1","::1","TCP","64","64174  >  80 [ACK] Seq=5367 Ack=35131 Win=2583808 Len=0"
"343","122.771500500","::1","::1","TCP","4530","80  >  64174 [PSH, ACK] Seq=35131 Ack=5367 Win=2614528 Len=4466 [TCP PDU reassembled in 353]"
"344","122.771518400","::1","::1","TCP","64","64174  >  80 [ACK] Seq=5367 Ack=39597 Win=2579200 Len=0"
"345","122.810023800","::1","::1","HTTP","825","GET /library/ajax/i18n_generator.php?lang_id=1&csrf_token_form=e1dd60721f94e2c415a3ef5650ca60e23e598525 HTTP/1.1 "
"346","122.810081000","::1","::1","TCP","64","80  >  64175 [ACK] Seq=1 Ack=762 Win=2618880 Len=0"
"347","123.442913000","::1","::1","TCP","4152","80  >  64174 [PSH, ACK] Seq=39597 Ack=5367 Win=2614528 Len=4088 [TCP PDU reassembled in 353]"
"348","123.442932200","::1","::1","TCP","64","64174  >  80 [ACK] Seq=5367 Ack=43685 Win=2575104 Len=0"
"349","123.442963400","::1","::1","TCP","24716","80  >  64174 [PSH, ACK] Seq=43685 Ack=5367 Win=2614528 Len=24652 [TCP PDU reassembled in 353]"
"350","123.442980200","::1","::1","TCP","64","64174  >  80 [ACK] Seq=5367 Ack=68337 Win=2618880 Len=0"
"351","123.455443200","::1","::1","TCP","4152","80  >  64174 [PSH, ACK] Seq=68337 Ack=5367 Win=2614528 Len=4088 [TCP PDU reassembled in 353]"
"352","123.455468600","::1","::1","TCP","64","64174  >  80 [ACK] Seq=5367 Ack=72425 Win=2614784 Len=0"
"353","123.455498600","::1","::1","HTTP","654","HTTP/1.1 200 OK  (text/html)"
"354","123.455505900","::1","::1","TCP","64","64174  >  80 [ACK] Seq=5367 Ack=73015 Win=2614272 Len=0"
"355","123.517379200","::1","::1","HTTP","922","GET /interface/main/main_info.php HTTP/1.1 "
"356","123.517415700","::1","::1","TCP","64","80  >  64174 [ACK] Seq=73015 Ack=6225 Win=2613760 Len=0"
"357","123.521193400","::1","::1","TCP","76","64176  >  80 [SYN] Seq=0 Win=65535 Len=0 MSS=65475 WS=256 SACK_PERM"
"358","123.521252000","::1","::1","TCP","76","80  >  64176 [SYN, ACK] Seq=0 Ack=1 Win=65535 Len=0 MSS=65475 WS=256 SACK_PERM"
"359","123.521281000","::1","::1","TCP","64","64176  >  80 [ACK] Seq=1 Ack=1 Win=2618880 Len=0"
"360","123.521525800","::1","::1","HTTP","944","GET /interface/main/messages/messages.php?form_active=1 HTTP/1.1 "
"361","123.521550600","::1","::1","TCP","64","80  >  64176 [ACK] Seq=1 Ack=881 Win=2618880 Len=0"
"362","123.561751300","::1","::1","TCP","76","64177  >  80 [SYN] Seq=0 Win=65535 Len=0 MSS=65475 WS=256 SACK_PERM"
"363","123.561805100","::1","::1","TCP","76","80  >  64177 [SYN, ACK] Seq=0 Ack=1 Win=65535 Len=0 MSS=65475 WS=256 SACK_PERM"
"364","123.561833500","::1","::1","TCP","64","64177  >  80 [ACK] Seq=1 Ack=1 Win=2618880 Len=0"
"365","123.562898100","::1","::1","TCP","899","64177  >  80 [PSH, ACK] Seq=1 Ack=1 Win=2618880 Len=835 [TCP PDU reassembled in 367]"
"366","123.562931300","::1","::1","TCP","64","80  >  64177 [ACK] Seq=1 Ack=836 Win=2618880 Len=0"
"367","123.562959300","::1","::1","HTTP","738","POST /library/ajax/dated_reminders_counter.php HTTP/1.1 "
"368","123.562967300","::1","::1","TCP","64","80  >  64177 [ACK] Seq=1 Ack=1510 Win=2618112 Len=0"
"369","123.575616400","::1","::1","HTTP","560","HTTP/1.1 302 Found "
"370","123.575644500","::1","::1","TCP","64","64174  >  80 [ACK] Seq=6225 Ack=73511 Win=2613760 Len=0"
"371","123.577764500","::1","::1","HTTP","988","GET /interface/main/calendar/index.php?module=PostCalendar&viewtype=day&func=view&pc_username=admin HTTP/1.1 "
"372","123.577805600","::1","::1","TCP","64","80  >  64174 [ACK] Seq=73511 Ack=7149 Win=2612736 Len=0"
"373","123.608882000","::1","::1","TCP","4152","80  >  64176 [PSH, ACK] Seq=1 Ack=881 Win=2618880 Len=4088 [TCP PDU reassembled in 395]"
"374","123.608913100","::1","::1","TCP","64","64176  >  80 [ACK] Seq=881 Ack=4089 Win=2614784 Len=0"
"375","123.608955000","::1","::1","TCP","5140","80  >  64176 [PSH, ACK] Seq=4089 Ack=881 Win=2618880 Len=5076 [TCP PDU reassembled in 395]"
"376","123.608972600","::1","::1","TCP","64","64176  >  80 [ACK] Seq=881 Ack=9165 Win=2609664 Len=0"
"377","123.634828700","::1","::1","HTTP","636","HTTP/1.1 200 OK  (text/html)"
"378","123.634863200","::1","::1","TCP","64","64177  >  80 [ACK] Seq=1510 Ack=573 Win=2618368 Len=0"
"379","123.657286700","::1","::1","TCP","4152","80  >  64176 [PSH, ACK] Seq=9165 Ack=881 Win=2618880 Len=4088 [TCP PDU reassembled in 395]"
"380","123.657321700","::1","::1","TCP","64","64176  >  80 [ACK] Seq=881 Ack=13253 Win=2605568 Len=0"
"381","123.657364300","::1","::1","TCP","5028","80  >  64176 [PSH, ACK] Seq=13253 Ack=881 Win=2618880 Len=4964 [TCP PDU reassembled in 395]"
"382","123.657384400","::1","::1","TCP","64","64176  >  80 [ACK] Seq=881 Ack=18217 Win=2600704 Len=0"
"383","123.753645500","::1","::1","TCP","4152","80  >  64176 [PSH, ACK] Seq=18217 Ack=881 Win=2618880 Len=4088 [TCP PDU reassembled in 395]"
"384","123.753676100","::1","::1","TCP","64","64176  >  80 [ACK] Seq=881 Ack=22305 Win=2596608 Len=0"
"385","123.753722100","::1","::1","TCP","5760","80  >  64176 [PSH, ACK] Seq=22305 Ack=881 Win=2618880 Len=5696 [TCP PDU reassembled in 395]"
"386","123.753741500","::1","::1","TCP","64","64176  >  80 [ACK] Seq=881 Ack=28001 Win=2590976 Len=0"
"387","123.777348300","::1","::1","TCP","4152","80  >  64176 [PSH, ACK] Seq=28001 Ack=881 Win=2618880 Len=4088 [TCP PDU reassembled in 395]"
"388","123.777374200","::1","::1","TCP","64","64176  >  80 [ACK] Seq=881 Ack=32089 Win=2586880 Len=0"
"389","123.777414200","::1","::1","TCP","4259","80  >  64176 [PSH, ACK] Seq=32089 Ack=881 Win=2618880 Len=4195 [TCP PDU reassembled in 395]"
"390","123.777427100","::1","::1","TCP","64","64176  >  80 [ACK] Seq=881 Ack=36284 Win=2582528 Len=0"
"391","123.811669900","::1","::1","TCP","4152","80  >  64176 [PSH, ACK] Seq=36284 Ack=881 Win=2618880 Len=4088 [TCP PDU reassembled in 395]"
"392","123.811700200","::1","::1","TCP","64","64176  >  80 [ACK] Seq=881 Ack=40372 Win=2578432 Len=0"
"393","123.811736000","::1","::1","TCP","6238","80  >  64176 [PSH, ACK] Seq=40372 Ack=881 Win=2618880 Len=6174 [TCP PDU reassembled in 395]"
"394","123.811750100","::1","::1","TCP","64","64176  >  80 [ACK] Seq=881 Ack=46546 Win=2572288 Len=0"
"395","123.811978000","::1","::1","HTTP","2637","HTTP/1.1 200 OK  (text/html)"
"396","123.812013100","::1","::1","TCP","64","64176  >  80 [ACK] Seq=881 Ack=49119 Win=2569728 Len=0"
"397","124.137741900","::1","::1","HTTP","912","GET /Documentation/help_files/message_center_help.php HTTP/1.1 "
"398","124.137788000","::1","::1","TCP","64","80  >  64176 [ACK] Seq=49119 Ack=1729 Win=2618112 Len=0"
"399","124.165995200","::1","::1","HTTP","975","POST /interface/main/dated_reminders/dated_reminders.php HTTP/1.1  (application/x-www-form-urlencoded)"
"400","124.166046200","::1","::1","TCP","64","80  >  64177 [ACK] Seq=573 Ack=2421 Win=2617344 Len=0"
"401","124.233037500","::1","::1","HTTP","545","HTTP/1.1 200 OK  (text/html)"
"402","124.233073300","::1","::1","TCP","64","64177  >  80 [ACK] Seq=2421 Ack=1054 Win=2617856 Len=0"
"403","124.267894000","::1","::1","TCP","4152","80  >  64176 [PSH, ACK] Seq=49119 Ack=1729 Win=2618112 Len=4088 [TCP PDU reassembled in 421]"
"404","124.267933000","::1","::1","TCP","64","64176  >  80 [ACK] Seq=1729 Ack=53207 Win=2565632 Len=0"
"405","124.267987100","::1","::1","TCP","4691","80  >  64176 [PSH, ACK] Seq=53207 Ack=1729 Win=2618112 Len=4627 [TCP PDU reassembled in 421]"
"406","124.268006000","::1","::1","TCP","64","64176  >  80 [ACK] Seq=1729 Ack=57834 Win=2561024 Len=0"
"407","124.275355100","::1","::1","HTTP","469","HTTP/1.1 200 OK  (text/html)"
"408","124.275387500","::1","::1","TCP","64","64175  >  80 [ACK] Seq=762 Ack=406 Win=2618368 Len=0"
"409","124.287012100","::1","::1","TCP","4152","80  >  64174 [PSH, ACK] Seq=73511 Ack=7149 Win=2612736 Len=4088 [TCP PDU reassembled in 413]"
"410","124.287062300","::1","::1","TCP","64","64174  >  80 [ACK] Seq=7149 Ack=77599 Win=2609664 Len=0"
"411","124.287137000","::1","::1","TCP","21368","80  >  64174 [PSH, ACK] Seq=77599 Ack=7149 Win=2612736 Len=21304 [TCP PDU reassembled in 413]"
"412","124.287162700","::1","::1","TCP","64","64174  >  80 [ACK] Seq=7149 Ack=98903 Win=2588416 Len=0"
"413","124.287788800","::1","::1","HTTP","69","HTTP/1.1 200 OK  (text/html)"
"414","124.287816000","::1","::1","TCP","64","64174  >  80 [ACK] Seq=7149 Ack=98908 Win=2588416 Len=0"
"415","124.330839700","::1","::1","TCP","4152","80  >  64176 [PSH, ACK] Seq=57834 Ack=1729 Win=2618112 Len=4088 [TCP PDU reassembled in 421]"
"416","124.330877500","::1","::1","TCP","64","64176  >  80 [ACK] Seq=1729 Ack=61922 Win=2556928 Len=0"
"417","124.330928700","::1","::1","TCP","4301","80  >  64176 [PSH, ACK] Seq=61922 Ack=1729 Win=2618112 Len=4237 [TCP PDU reassembled in 421]"
"418","124.330948600","::1","::1","TCP","64","64176  >  80 [ACK] Seq=1729 Ack=66159 Win=2618880 Len=0"
"419","124.365965000","::1","::1","TCP","4152","80  >  64176 [PSH, ACK] Seq=66159 Ack=1729 Win=2618112 Len=4088 [TCP PDU reassembled in 421]"
"420","124.365998000","::1","::1","TCP","64","64176  >  80 [ACK] Seq=1729 Ack=70247 Win=2614784 Len=0"
"421","124.366033800","::1","::1","HTTP","1206","HTTP/1.1 200 OK  (text/html)"
"422","124.366047100","::1","::1","TCP","64","64176  >  80 [ACK] Seq=1729 Ack=71389 Win=2613760 Len=0"
"423","128.538944500","::1","::1","HTTP","934","GET /interface/logout.php HTTP/1.1 "
"424","128.538970000","::1","::1","TCP","64","80  >  64176 [ACK] Seq=71389 Ack=2599 Win=2617088 Len=0"
"425","128.555633800","::1","::1","HTTP","1068","HTTP/1.1 200 OK  (text/html)"
"426","128.555650600","::1","::1","TCP","64","64176  >  80 [ACK] Seq=2599 Ack=72393 Win=2612736 Len=0"
"427","128.576697500","::1","::1","HTTP","837","GET /interface/login_screen.php?error=1&site=default HTTP/1.1 "
"428","128.576724100","::1","::1","TCP","64","80  >  64176 [ACK] Seq=72393 Ack=3372 Win=2616320 Len=0"
"429","128.630461500","::1","::1","HTTP","874","HTTP/1.1 200 OK  (text/html)"
"430","128.630500200","::1","::1","TCP","64","64176  >  80 [ACK] Seq=3372 Ack=73203 Win=2611712 Len=0"
"431","128.669789000","::1","::1","HTTP","905","GET /interface/login/login.php?site=default HTTP/1.1 "
"432","128.669828700","::1","::1","TCP","64","80  >  64176 [ACK] Seq=73203 Ack=4213 Win=2615552 Len=0"
"433","128.752749300","::1","::1","TCP","4152","80  >  64176 [PSH, ACK] Seq=73203 Ack=4213 Win=2615552 Len=4088 [TCP PDU reassembled in 435]"
"434","128.752774100","::1","::1","TCP","64","64176  >  80 [ACK] Seq=4213 Ack=77291 Win=2607616 Len=0"
"435","128.752800800","::1","::1","HTTP","2988","HTTP/1.1 200 OK  (text/html)"
"436","128.752811200","::1","::1","TCP","64","64176  >  80 [ACK] Seq=4213 Ack=80215 Win=2604800 Len=0"
"437","128.837194800","::1","::1","HTTP","832","GET /interface/product_registration/product_registration_controller.php HTTP/1.1 "
"438","128.837223400","::1","::1","TCP","64","80  >  64176 [ACK] Seq=80215 Ack=4981 Win=2614784 Len=0"
"439","128.895373900","::1","::1","HTTP/JSON","625","HTTP/1.1 200 OK , JSON (application/json)"
"440","128.895395600","::1","::1","TCP","64","64176  >  80 [ACK] Seq=4981 Ack=80776 Win=2604288 Len=0"
"441","129.237655100","::1","::1","TCP","64","80  >  64177 [FIN, ACK] Seq=1054 Ack=2421 Win=2617344 Len=0"
"442","129.237668700","::1","::1","TCP","64","64177  >  80 [ACK] Seq=2421 Ack=1055 Win=2617856 Len=0"
"443","129.280239300","::1","::1","TCP","64","80  >  64175 [FIN, ACK] Seq=406 Ack=762 Win=2618880 Len=0"
"444","129.280257700","::1","::1","TCP","64","64175  >  80 [ACK] Seq=762 Ack=407 Win=2618368 Len=0"
"445","129.292030700","::1","::1","TCP","64","80  >  64174 [FIN, ACK] Seq=98908 Ack=7149 Win=2612736 Len=0"
"446","129.292062600","::1","::1","TCP","64","64174  >  80 [ACK] Seq=7149 Ack=98909 Win=2588416 Len=0"
"447","133.900195600","::1","::1","TCP","64","80  >  64176 [FIN, ACK] Seq=80776 Ack=4981 Win=2614784 Len=0"
"448","133.900220700","::1","::1","TCP","64","64176  >  80 [ACK] Seq=4981 Ack=80777 Win=2604288 Len=0"
"449","135.906884600","::1","::1","TCP","64","64177  >  80 [FIN, ACK] Seq=2421 Ack=1055 Win=2617856 Len=0"
"450","135.906906000","::1","::1","TCP","64","80  >  64177 [ACK] Seq=1055 Ack=2422 Win=2617344 Len=0"
"451","135.906986300","::1","::1","TCP","64","64175  >  80 [FIN, ACK] Seq=762 Ack=407 Win=2618368 Len=0"
"452","135.906997000","::1","::1","TCP","64","80  >  64175 [ACK] Seq=407 Ack=763 Win=2618880 Len=0"
"453","135.907053300","::1","::1","TCP","64","64174  >  80 [FIN, ACK] Seq=7149 Ack=98909 Win=2588416 Len=0"
"454","135.907062000","::1","::1","TCP","64","80  >  64174 [ACK] Seq=98909 Ack=7150 Win=2612736 Len=0"
"455","135.907115000","::1","::1","TCP","64","64176  >  80 [FIN, ACK] Seq=4981 Ack=80777 Win=2604288 Len=0"
"456","135.907124200","::1","::1","TCP","64","80  >  64176 [ACK] Seq=80777 Ack=4982 Win=2614784 Len=0"
"457","135.907371200","::1","::1","TCP","76","64191  >  80 [SYN] Seq=0 Win=65535 Len=0 MSS=65475 WS=256 SACK_PERM"
"458","135.907418000","::1","::1","TCP","76","80  >  64191 [SYN, ACK] Seq=0 Ack=1 Win=65535 Len=0 MSS=65475 WS=256 SACK_PERM"
"459","135.907450400","::1","::1","TCP","64","64191  >  80 [ACK] Seq=1 Ack=1 Win=2618880 Len=0"
"460","135.907685300","::1","::1","HTTP","1057","POST /interface/main/main_screen.php?auth=login&site=default HTTP/1.1  (application/x-www-form-urlencoded)"
"461","135.907699400","::1","::1","TCP","64","80  >  64191 [ACK] Seq=1 Ack=994 Win=2618880 Len=0"
"462","135.910057400","::1","::1","TCP","76","64192  >  80 [SYN] Seq=0 Win=65535 Len=0 MSS=65475 WS=256 SACK_PERM"
"463","135.910091400","::1","::1","TCP","76","80  >  64192 [SYN, ACK] Seq=0 Ack=1 Win=65535 Len=0 MSS=65475 WS=256 SACK_PERM"
"464","135.910123300","::1","::1","TCP","64","64192  >  80 [ACK] Seq=1 Ack=1 Win=2618880 Len=0"
"465","135.998784600","::1","::1","HTTP","1082","HTTP/1.1 200 OK  (text/html)"
"466","135.998818900","::1","::1","TCP","64","64191  >  80 [ACK] Seq=994 Ack=1019 Win=2617856 Len=0"
"467","136.029604100","::1","::1","HTTP","910","GET /interface/login_screen.php?error=1&site= HTTP/1.1 "
"468","136.029640900","::1","::1","TCP","64","80  >  64191 [ACK] Seq=1019 Ack=1840 Win=2618112 Len=0"
"469","136.087822400","::1","::1","HTTP","721","HTTP/1.1 200 OK  (text/html)"
"470","136.087853400","::1","::1","TCP","64","64191  >  80 [ACK] Seq=1840 Ack=1676 Win=2617088 Len=0"
"471","136.123582200","::1","::1","HTTP","894","GET /interface/login/login.php?site=default HTTP/1.1 "
"472","136.123622800","::1","::1","TCP","64","80  >  64191 [ACK] Seq=1676 Ack=2670 Win=2617088 Len=0"
"473","136.212729800","::1","::1","TCP","4152","80  >  64191 [PSH, ACK] Seq=1676 Ack=2670 Win=2617088 Len=4088 [TCP PDU reassembled in 475]"
"474","136.212761800","::1","::1","TCP","64","64191  >  80 [ACK] Seq=2670 Ack=5764 Win=2612992 Len=0"
"475","136.212829400","::1","::1","HTTP","3108","HTTP/1.1 200 OK  (text/html)"
"476","136.212847700","::1","::1","TCP","64","64191  >  80 [ACK] Seq=2670 Ack=8808 Win=2610176 Len=0"
"477","136.253431800","::1","::1","HTTP","828","GET /interface/product_registration/product_registration_controller.php HTTP/1.1 "
"478","136.253477600","::1","::1","TCP","64","80  >  64191 [ACK] Seq=8808 Ack=3434 Win=2616320 Len=0"
"479","136.303228600","::1","::1","HTTP/JSON","625","HTTP/1.1 200 OK , JSON (application/json)"
"480","136.303253000","::1","::1","TCP","64","64191  >  80 [ACK] Seq=3434 Ack=9369 Win=2609408 Len=0"
"481","140.397129500","::1","::1","HTTP","1066","POST /interface/main/main_screen.php?auth=login&site=default HTTP/1.1  (application/x-www-form-urlencoded)"
"482","140.397168600","::1","::1","TCP","64","80  >  64191 [ACK] Seq=9369 Ack=4436 Win=2615552 Len=0"
"483","140.953708200","::1","::1","HTTP","1081","HTTP/1.1 200 OK  (text/html)"
"484","140.953738400","::1","::1","TCP","64","64191  >  80 [ACK] Seq=4436 Ack=10386 Win=2608384 Len=0"
"485","140.998589500","::1","::1","HTTP","910","GET /interface/login_screen.php?error=1&site= HTTP/1.1 "
"486","140.998638500","::1","::1","TCP","64","80  >  64191 [ACK] Seq=10386 Ack=5282 Win=2614528 Len=0"
"487","141.080105800","::1","::1","HTTP","721","HTTP/1.1 200 OK  (text/html)"
"488","141.080170900","::1","::1","TCP","64","64191  >  80 [ACK] Seq=5282 Ack=11043 Win=2607872 Len=0"
"489","141.122362700","::1","::1","HTTP","894","GET /interface/login/login.php?site=default HTTP/1.1 "
"490","141.122409800","::1","::1","TCP","64","80  >  64191 [ACK] Seq=11043 Ack=6112 Win=2613760 Len=0"
"491","141.256224300","::1","::1","TCP","4152","80  >  64191 [PSH, ACK] Seq=11043 Ack=6112 Win=2613760 Len=4088 [TCP PDU reassembled in 493]"
"492","141.256254600","::1","::1","TCP","64","64191  >  80 [ACK] Seq=6112 Ack=15131 Win=2603776 Len=0"
"493","141.256292300","::1","::1","HTTP","3108","HTTP/1.1 200 OK  (text/html)"
"494","141.256309600","::1","::1","TCP","64","64191  >  80 [ACK] Seq=6112 Ack=18175 Win=2600704 Len=0"
"495","141.374117900","::1","::1","HTTP","828","GET /interface/product_registration/product_registration_controller.php HTTP/1.1 "
"496","141.374176600","::1","::1","TCP","64","80  >  64191 [ACK] Seq=18175 Ack=6876 Win=2612992 Len=0"
"497","141.499656600","::1","::1","HTTP/JSON","625","HTTP/1.1 200 OK , JSON (application/json)"
"498","141.499688900","::1","::1","TCP","64","64191  >  80 [ACK] Seq=6876 Ack=18736 Win=2600192 Len=0"
"499","146.504277100","::1","::1","TCP","64","80  >  64191 [FIN, ACK] Seq=18736 Ack=6876 Win=2612992 Len=0"
"500","146.504300800","::1","::1","TCP","64","64191  >  80 [ACK] Seq=6876 Ack=18737 Win=2600192 Len=0"
"501","154.865978800","::1","::1","TCP","64","64191  >  80 [FIN, ACK] Seq=6876 Ack=18737 Win=2600192 Len=0"
"502","154.866021500","::1","::1","TCP","64","80  >  64191 [ACK] Seq=18737 Ack=6877 Win=2612992 Len=0"
"503","154.866403300","::1","::1","TCP","76","64196  >  80 [SYN] Seq=0 Win=65535 Len=0 MSS=65475 WS=256 SACK_PERM"
"504","154.866456800","::1","::1","TCP","76","80  >  64196 [SYN, ACK] Seq=0 Ack=1 Win=65535 Len=0 MSS=65475 WS=256 SACK_PERM"
"505","154.866490000","::1","::1","TCP","64","64196  >  80 [ACK] Seq=1 Ack=1 Win=2618880 Len=0"
"506","154.886167200","::1","::1","HTTP","1063","POST /interface/main/main_screen.php?auth=login&site=default HTTP/1.1  (application/x-www-form-urlencoded)"
"507","154.886201500","::1","::1","TCP","64","80  >  64192 [ACK] Seq=1 Ack=1000 Win=2618880 Len=0"
"508","155.042170600","::1","::1","HTTP","1084","HTTP/1.1 200 OK  (text/html)"
"509","155.042198700","::1","::1","TCP","64","64192  >  80 [ACK] Seq=1000 Ack=1021 Win=2617856 Len=0"
"510","155.072836300","::1","::1","HTTP","912","GET /interface/login_screen.php?error=1&site= HTTP/1.1 "
"511","155.072882500","::1","::1","TCP","64","80  >  64192 [ACK] Seq=1021 Ack=1848 Win=2618112 Len=0"
"512","155.124848600","::1","::1","HTTP","721","HTTP/1.1 200 OK  (text/html)"
"513","155.124864600","::1","::1","TCP","64","64192  >  80 [ACK] Seq=1848 Ack=1678 Win=2617088 Len=0"
"514","155.149100300","::1","::1","HTTP","896","GET /interface/login/login.php?site=default HTTP/1.1 "
"515","155.149144200","::1","::1","TCP","64","80  >  64192 [ACK] Seq=1678 Ack=2680 Win=2617088 Len=0"
"516","155.242284900","::1","::1","TCP","4152","80  >  64192 [PSH, ACK] Seq=1678 Ack=2680 Win=2617088 Len=4088 [TCP PDU reassembled in 518]"
"517","155.242317100","::1","::1","TCP","64","64192  >  80 [ACK] Seq=2680 Ack=5766 Win=2612992 Len=0"
"518","155.242353700","::1","::1","HTTP","3110","HTTP/1.1 200 OK  (text/html)"
"519","155.242368000","::1","::1","TCP","64","64192  >  80 [ACK] Seq=2680 Ack=8812 Win=2610176 Len=0"
"520","155.340851900","::1","::1","HTTP","830","GET /interface/product_registration/product_registration_controller.php HTTP/1.1 "
"521","155.340884000","::1","::1","TCP","64","80  >  64192 [ACK] Seq=8812 Ack=3446 Win=2616320 Len=0"
"522","155.399229900","::1","::1","HTTP/JSON","625","HTTP/1.1 200 OK , JSON (application/json)"
"523","155.399261400","::1","::1","TCP","64","64192  >  80 [ACK] Seq=3446 Ack=9373 Win=2609408 Len=0"
"524","160.404205400","::1","::1","TCP","64","80  >  64192 [FIN, ACK] Seq=9373 Ack=3446 Win=2616320 Len=0"
"525","160.404226100","::1","::1","TCP","64","64192  >  80 [ACK] Seq=3446 Ack=9374 Win=2609408 Len=0"
"526","160.978796100","::1","::1","TCP","64","64192  >  80 [FIN, ACK] Seq=3446 Ack=9374 Win=2609408 Len=0"
"527","160.978831200","::1","::1","TCP","64","80  >  64192 [ACK] Seq=9374 Ack=3447 Win=2616320 Len=0"
"528","160.979060700","::1","::1","TCP","76","64197  >  80 [SYN] Seq=0 Win=65535 Len=0 MSS=65475 WS=256 SACK_PERM"
"529","160.979121100","::1","::1","TCP","76","80  >  64197 [SYN, ACK] Seq=0 Ack=1 Win=65535 Len=0 MSS=65475 WS=256 SACK_PERM"
"530","160.979158600","::1","::1","TCP","64","64197  >  80 [ACK] Seq=1 Ack=1 Win=2618880 Len=0"
"531","160.979371100","::1","::1","HTTP","1064","POST /interface/main/main_screen.php?auth=login&site=default HTTP/1.1  (application/x-www-form-urlencoded)"
"532","160.979395200","::1","::1","TCP","64","80  >  64196 [ACK] Seq=1 Ack=1001 Win=2618880 Len=0"
"533","161.082525200","::1","::1","HTTP","1082","HTTP/1.1 200 OK  (text/html)"
"534","161.082576400","::1","::1","TCP","64","64196  >  80 [ACK] Seq=1001 Ack=1019 Win=2617856 Len=0"
"535","161.110682300","::1","::1","HTTP","910","GET /interface/login_screen.php?error=1&site= HTTP/1.1 "
"536","161.110714900","::1","::1","TCP","64","80  >  64196 [ACK] Seq=1019 Ack=1847 Win=2618112 Len=0"
"537","161.155479800","::1","::1","HTTP","721","HTTP/1.1 200 OK  (text/html)"
"538","161.155501300","::1","::1","TCP","64","64196  >  80 [ACK] Seq=1847 Ack=1676 Win=2617088 Len=0"
"539","161.181923300","::1","::1","HTTP","894","GET /interface/login/login.php?site=default HTTP/1.1 "
"540","161.181964100","::1","::1","TCP","64","80  >  64196 [ACK] Seq=1676 Ack=2677 Win=2617088 Len=0"
"541","161.258802500","::1","::1","TCP","4152","80  >  64196 [PSH, ACK] Seq=1676 Ack=2677 Win=2617088 Len=4088 [TCP PDU reassembled in 543]"
"542","161.258828800","::1","::1","TCP","64","64196  >  80 [ACK] Seq=2677 Ack=5764 Win=2612992 Len=0"
"543","161.258855700","::1","::1","HTTP","3108","HTTP/1.1 200 OK  (text/html)"
"544","161.258865200","::1","::1","TCP","64","64196  >  80 [ACK] Seq=2677 Ack=8808 Win=2610176 Len=0"
"545","161.334385800","::1","::1","HTTP","828","GET /interface/product_registration/product_registration_controller.php HTTP/1.1 "
"546","161.334428400","::1","::1","TCP","64","80  >  64196 [ACK] Seq=8808 Ack=3441 Win=2616320 Len=0"
"547","161.393993400","::1","::1","HTTP/JSON","625","HTTP/1.1 200 OK , JSON (application/json)"
"548","161.394013800","::1","::1","TCP","64","64196  >  80 [ACK] Seq=3441 Ack=9369 Win=2609408 Len=0"
"549","166.399118500","::1","::1","TCP","64","80  >  64196 [FIN, ACK] Seq=9369 Ack=3441 Win=2616320 Len=0"
"550","166.399153300","::1","::1","TCP","64","64196  >  80 [ACK] Seq=3441 Ack=9370 Win=2609408 Len=0"
"551","167.103802100","::1","::1","TCP","64","64196  >  80 [FIN, ACK] Seq=3441 Ack=9370 Win=2609408 Len=0"
"552","167.103844600","::1","::1","TCP","64","80  >  64196 [ACK] Seq=9370 Ack=3442 Win=2616320 Len=0"
"553","167.104158700","::1","::1","TCP","76","64198  >  80 [SYN] Seq=0 Win=65535 Len=0 MSS=65475 WS=256 SACK_PERM"
"554","167.104211300","::1","::1","TCP","76","80  >  64198 [SYN, ACK] Seq=0 Ack=1 Win=65535 Len=0 MSS=65475 WS=256 SACK_PERM"
"555","167.104245400","::1","::1","TCP","64","64198  >  80 [ACK] Seq=1 Ack=1 Win=2618880 Len=0"
"556","167.120043000","::1","::1","HTTP","1062","POST /interface/main/main_screen.php?auth=login&site=default HTTP/1.1  (application/x-www-form-urlencoded)"
"557","167.120106200","::1","::1","TCP","64","80  >  64197 [ACK] Seq=1 Ack=999 Win=2618880 Len=0"
"558","167.446692100","::1","::1","HTTP","1082","HTTP/1.1 200 OK  (text/html)"
"559","167.446729200","::1","::1","TCP","64","64197  >  80 [ACK] Seq=999 Ack=1019 Win=2617856 Len=0"
"560","167.500876400","::1","::1","HTTP","910","GET /interface/login_screen.php?error=1&site= HTTP/1.1 "
"561","167.500923500","::1","::1","TCP","64","80  >  64197 [ACK] Seq=1019 Ack=1845 Win=2618112 Len=0"
"562","167.651768400","::1","::1","HTTP","721","HTTP/1.1 200 OK  (text/html)"
"563","167.651802100","::1","::1","TCP","64","64197  >  80 [ACK] Seq=1845 Ack=1676 Win=2617088 Len=0"
"564","167.695415600","::1","::1","HTTP","894","GET /interface/login/login.php?site=default HTTP/1.1 "
"565","167.695459800","::1","::1","TCP","64","80  >  64197 [ACK] Seq=1676 Ack=2675 Win=2617088 Len=0"
"566","167.844778500","::1","::1","TCP","4152","80  >  64197 [PSH, ACK] Seq=1676 Ack=2675 Win=2617088 Len=4088 [TCP PDU reassembled in 568]"
"567","167.844822400","::1","::1","TCP","64","64197  >  80 [ACK] Seq=2675 Ack=5764 Win=2612992 Len=0"
"568","167.844872500","::1","::1","HTTP","3108","HTTP/1.1 200 OK  (text/html)"
"569","167.844893500","::1","::1","TCP","64","64197  >  80 [ACK] Seq=2675 Ack=8808 Win=2610176 Len=0"
"570","167.968508700","::1","::1","HTTP","828","GET /interface/product_registration/product_registration_controller.php HTTP/1.1 "
"571","167.968584500","::1","::1","TCP","64","80  >  64197 [ACK] Seq=8808 Ack=3439 Win=2616320 Len=0"
"572","168.067335000","::1","::1","HTTP/JSON","625","HTTP/1.1 200 OK , JSON (application/json)"
"573","168.067376100","::1","::1","TCP","64","64197  >  80 [ACK] Seq=3439 Ack=9369 Win=2609408 Len=0"
"574","172.226903600","::1","::1","HTTP","1058","POST /interface/main/main_screen.php?auth=login&site=default HTTP/1.1  (application/x-www-form-urlencoded)"
"575","172.226927300","::1","::1","TCP","64","80  >  64197 [ACK] Seq=9369 Ack=4433 Win=2615552 Len=0"
"576","172.411701100","::1","::1","HTTP","1083","HTTP/1.1 200 OK  (text/html)"
"577","172.411725600","::1","::1","TCP","64","64197  >  80 [ACK] Seq=4433 Ack=10388 Win=2608384 Len=0"
"578","172.441436200","::1","::1","HTTP","912","GET /interface/login_screen.php?error=1&site= HTTP/1.1 "
"579","172.441478600","::1","::1","TCP","64","80  >  64197 [ACK] Seq=10388 Ack=5281 Win=2614528 Len=0"
"580","172.491990900","::1","::1","HTTP","721","HTTP/1.1 200 OK  (text/html)"
"581","172.492020800","::1","::1","TCP","64","64197  >  80 [ACK] Seq=5281 Ack=11045 Win=2607872 Len=0"
"582","172.525012700","::1","::1","HTTP","896","GET /interface/login/login.php?site=default HTTP/1.1 "
"583","172.525058300","::1","::1","TCP","64","80  >  64197 [ACK] Seq=11045 Ack=6113 Win=2613760 Len=0"
"584","172.621615800","::1","::1","TCP","4152","80  >  64197 [PSH, ACK] Seq=11045 Ack=6113 Win=2613760 Len=4088 [TCP PDU reassembled in 586]"
"585","172.621646300","::1","::1","TCP","64","64197  >  80 [ACK] Seq=6113 Ack=15133 Win=2603776 Len=0"
"586","172.621682800","::1","::1","HTTP","3110","HTTP/1.1 200 OK  (text/html)"
"587","172.621694700","::1","::1","TCP","64","64197  >  80 [ACK] Seq=6113 Ack=18179 Win=2600704 Len=0"
"588","172.696434900","::1","::1","HTTP","830","GET /interface/product_registration/product_registration_controller.php HTTP/1.1 "
"589","172.696460700","::1","::1","TCP","64","80  >  64197 [ACK] Seq=18179 Ack=6879 Win=2612992 Len=0"
"590","172.746517300","::1","::1","HTTP/JSON","625","HTTP/1.1 200 OK , JSON (application/json)"
"591","172.746543200","::1","::1","TCP","64","64197  >  80 [ACK] Seq=6879 Ack=18740 Win=2600192 Len=0"
"592","177.751353200","::1","::1","TCP","64","80  >  64197 [FIN, ACK] Seq=18740 Ack=6879 Win=2612992 Len=0"
"593","177.751380500","::1","::1","TCP","64","64197  >  80 [ACK] Seq=6879 Ack=18741 Win=2600192 Len=0"
"594","181.182683600","::1","::1","TCP","64","64197  >  80 [FIN, ACK] Seq=6879 Ack=18741 Win=2600192 Len=0"
"595","181.182721600","::1","::1","TCP","64","80  >  64197 [ACK] Seq=18741 Ack=6880 Win=2612992 Len=0"
"596","181.182943500","::1","::1","TCP","76","64199  >  80 [SYN] Seq=0 Win=65535 Len=0 MSS=65475 WS=256 SACK_PERM"
"597","181.182984500","::1","::1","TCP","76","80  >  64199 [SYN, ACK] Seq=0 Ack=1 Win=65535 Len=0 MSS=65475 WS=256 SACK_PERM"
"598","181.183010100","::1","::1","TCP","64","64199  >  80 [ACK] Seq=1 Ack=1 Win=2618880 Len=0"
"599","181.183264600","::1","::1","HTTP","1067","POST /interface/main/main_screen.php?auth=login&site=default HTTP/1.1  (application/x-www-form-urlencoded)"
"600","181.183292000","::1","::1","TCP","64","80  >  64198 [ACK] Seq=1 Ack=1004 Win=2618880 Len=0"
"601","181.291200100","::1","::1","HTTP","1084","HTTP/1.1 200 OK  (text/html)"
"602","181.291222100","::1","::1","TCP","64","64198  >  80 [ACK] Seq=1004 Ack=1021 Win=2617856 Len=0"
"603","181.319618900","::1","::1","HTTP","912","GET /interface/login_screen.php?error=1&site= HTTP/1.1 "
"604","181.319647000","::1","::1","TCP","64","80  >  64198 [ACK] Seq=1021 Ack=1852 Win=2618112 Len=0"
"605","181.371301200","::1","::1","HTTP","721","HTTP/1.1 200 OK  (text/html)"
"606","181.371332800","::1","::1","TCP","64","64198  >  80 [ACK] Seq=1852 Ack=1678 Win=2617088 Len=0"
"607","181.399616900","::1","::1","HTTP","896","GET /interface/login/login.php?site=default HTTP/1.1 "
"608","181.399662700","::1","::1","TCP","64","80  >  64198 [ACK] Seq=1678 Ack=2684 Win=2617088 Len=0"
"609","181.497524200","::1","::1","TCP","4152","80  >  64198 [PSH, ACK] Seq=1678 Ack=2684 Win=2617088 Len=4088 [TCP PDU reassembled in 611]"
"610","181.497553300","::1","::1","TCP","64","64198  >  80 [ACK] Seq=2684 Ack=5766 Win=2612992 Len=0"
"611","181.497583700","::1","::1","HTTP","3110","HTTP/1.1 200 OK  (text/html)"
"612","181.497591500","::1","::1","TCP","64","64198  >  80 [ACK] Seq=2684 Ack=8812 Win=2610176 Len=0"
"613","181.583001000","::1","::1","HTTP","830","GET /interface/product_registration/product_registration_controller.php HTTP/1.1 "
"614","181.583040800","::1","::1","TCP","64","80  >  64198 [ACK] Seq=8812 Ack=3450 Win=2616320 Len=0"
"615","181.639423100","::1","::1","HTTP/JSON","625","HTTP/1.1 200 OK , JSON (application/json)"
"616","181.639455600","::1","::1","TCP","64","64198  >  80 [ACK] Seq=3450 Ack=9373 Win=2609408 Len=0"
"617","186.644265600","::1","::1","TCP","64","80  >  64198 [FIN, ACK] Seq=9373 Ack=3450 Win=2616320 Len=0"
"618","186.644289700","::1","::1","TCP","64","64198  >  80 [ACK] Seq=3450 Ack=9374 Win=2609408 Len=0"
"619","190.307784500","::1","::1","TCP","64","64198  >  80 [FIN, ACK] Seq=3450 Ack=9374 Win=2609408 Len=0"
"620","190.307803700","::1","::1","TCP","64","80  >  64198 [ACK] Seq=9374 Ack=3451 Win=2616320 Len=0"
"621","190.308040200","::1","::1","TCP","76","64200  >  80 [SYN] Seq=0 Win=65535 Len=0 MSS=65475 WS=256 SACK_PERM"
"622","190.308084200","::1","::1","TCP","76","80  >  64200 [SYN, ACK] Seq=0 Ack=1 Win=65535 Len=0 MSS=65475 WS=256 SACK_PERM"
"623","190.308116700","::1","::1","TCP","64","64200  >  80 [ACK] Seq=1 Ack=1 Win=2618880 Len=0"
"624","190.308363700","::1","::1","HTTP","1063","POST /interface/main/main_screen.php?auth=login&site=default HTTP/1.1  (application/x-www-form-urlencoded)"
"625","190.308386400","::1","::1","TCP","64","80  >  64199 [ACK] Seq=1 Ack=1000 Win=2618880 Len=0"
"626","190.449341200","::1","::1","HTTP","1082","HTTP/1.1 200 OK  (text/html)"
"627","190.449389000","::1","::1","TCP","64","64199  >  80 [ACK] Seq=1000 Ack=1019 Win=2617856 Len=0"
"628","190.490995500","::1","::1","HTTP","910","GET /interface/login_screen.php?error=1&site= HTTP/1.1 "
"629","190.491044500","::1","::1","TCP","64","80  >  64199 [ACK] Seq=1019 Ack=1846 Win=2618112 Len=0"
"630","190.629272000","::1","::1","HTTP","721","HTTP/1.1 200 OK  (text/html)"
"631","190.629309500","::1","::1","TCP","64","64199  >  80 [ACK] Seq=1846 Ack=1676 Win=2617088 Len=0"
"632","190.693499000","::1","::1","HTTP","894","GET /interface/login/login.php?site=default HTTP/1.1 "
"633","190.693547400","::1","::1","TCP","64","80  >  64199 [ACK] Seq=1676 Ack=2676 Win=2617088 Len=0"
"634","191.068745900","::1","::1","TCP","4152","80  >  64199 [PSH, ACK] Seq=1676 Ack=2676 Win=2617088 Len=4088 [TCP PDU reassembled in 636]"
"635","191.068789200","::1","::1","TCP","64","64199  >  80 [ACK] Seq=2676 Ack=5764 Win=2612992 Len=0"
"636","191.068838400","::1","::1","HTTP","3108","HTTP/1.1 200 OK  (text/html)"
"637","191.068854500","::1","::1","TCP","64","64199  >  80 [ACK] Seq=2676 Ack=8808 Win=2610176 Len=0"
"638","191.284833100","::1","::1","HTTP","828","GET /interface/product_registration/product_registration_controller.php HTTP/1.1 "
"639","191.284885500","::1","::1","TCP","64","80  >  64199 [ACK] Seq=8808 Ack=3440 Win=2616320 Len=0"
"640","191.469939000","::1","::1","HTTP/JSON","625","HTTP/1.1 200 OK , JSON (application/json)"
"641","191.469973400","::1","::1","TCP","64","64199  >  80 [ACK] Seq=3440 Ack=9369 Win=2609408 Len=0"
"642","196.470973800","::1","::1","TCP","64","80  >  64199 [FIN, ACK] Seq=9369 Ack=3440 Win=2616320 Len=0"
"643","196.471002100","::1","::1","TCP","64","64199  >  80 [ACK] Seq=3440 Ack=9370 Win=2609408 Len=0"
"644","225.910185400","::1","::1","TCP","64","64199  >  80 [FIN, ACK] Seq=3440 Ack=9370 Win=2609408 Len=0"
"645","225.910215600","::1","::1","TCP","64","80  >  64199 [ACK] Seq=9370 Ack=3441 Win=2616320 Len=0"
"646","225.910542600","::1","::1","HTTP","1062","POST /interface/main/main_screen.php?auth=login&site=default HTTP/1.1  (application/x-www-form-urlencoded)"
"647","225.910589300","::1","::1","TCP","64","80  >  64200 [ACK] Seq=1 Ack=999 Win=2618880 Len=0"
"648","225.911109600","::1","::1","TCP","76","53886  >  80 [SYN] Seq=0 Win=65535 Len=0 MSS=65475 WS=256 SACK_PERM"
"649","225.911183400","::1","::1","TCP","76","80  >  53886 [SYN, ACK] Seq=0 Ack=1 Win=65535 Len=0 MSS=65475 WS=256 SACK_PERM"
"650","225.911228500","::1","::1","TCP","64","53886  >  80 [ACK] Seq=1 Ack=1 Win=2618880 Len=0"
"651","226.013493800","::1","::1","HTTP","1084","HTTP/1.1 200 OK  (text/html)"
"652","226.013515400","::1","::1","TCP","64","64200  >  80 [ACK] Seq=999 Ack=1021 Win=2617856 Len=0"
"653","226.043590700","::1","::1","HTTP","912","GET /interface/login_screen.php?error=1&site= HTTP/1.1 "
"654","226.043679400","::1","::1","TCP","64","80  >  64200 [ACK] Seq=1021 Ack=1847 Win=2618112 Len=0"
"655","226.098665100","::1","::1","HTTP","721","HTTP/1.1 200 OK  (text/html)"
"656","226.098690200","::1","::1","TCP","64","64200  >  80 [ACK] Seq=1847 Ack=1678 Win=2617088 Len=0"
"657","226.122555900","::1","::1","HTTP","896","GET /interface/login/login.php?site=default HTTP/1.1 "
"658","226.122588600","::1","::1","TCP","64","80  >  64200 [ACK] Seq=1678 Ack=2679 Win=2617088 Len=0"
"659","226.197477900","::1","::1","TCP","4152","80  >  64200 [PSH, ACK] Seq=1678 Ack=2679 Win=2617088 Len=4088 [TCP PDU reassembled in 661]"
"660","226.197506100","::1","::1","TCP","64","64200  >  80 [ACK] Seq=2679 Ack=5766 Win=2612992 Len=0"
"661","226.197531900","::1","::1","HTTP","3110","HTTP/1.1 200 OK  (text/html)"
"662","226.197539200","::1","::1","TCP","64","64200  >  80 [ACK] Seq=2679 Ack=8812 Win=2610176 Len=0"
"663","226.268377900","::1","::1","HTTP","830","GET /interface/product_registration/product_registration_controller.php HTTP/1.1 "
"664","226.268409600","::1","::1","TCP","64","80  >  64200 [ACK] Seq=8812 Ack=3445 Win=2616320 Len=0"
"665","226.312560300","::1","::1","HTTP/JSON","625","HTTP/1.1 200 OK , JSON (application/json)"
"666","226.312595700","::1","::1","TCP","64","64200  >  80 [ACK] Seq=3445 Ack=9373 Win=2609408 Len=0"
"667","231.318763600","::1","::1","TCP","64","80  >  64200 [FIN, ACK] Seq=9373 Ack=3445 Win=2616320 Len=0"
"668","231.318830100","::1","::1","TCP","64","64200  >  80 [ACK] Seq=3445 Ack=9374 Win=2609408 Len=0"
"669","232.581029700","::1","::1","TCP","64","64200  >  80 [FIN, ACK] Seq=3445 Ack=9374 Win=2609408 Len=0"
"670","232.581058200","::1","::1","TCP","64","80  >  64200 [ACK] Seq=9374 Ack=3446 Win=2616320 Len=0"
"671","232.581184400","::1","::1","HTTP","1062","POST /interface/main/main_screen.php?auth=login&site=default HTTP/1.1  (application/x-www-form-urlencoded)"
"672","232.581204200","::1","::1","TCP","64","80  >  53886 [ACK] Seq=1 Ack=999 Win=2618880 Len=0"
"673","232.583493300","::1","::1","TCP","76","53890  >  80 [SYN] Seq=0 Win=65535 Len=0 MSS=65475 WS=256 SACK_PERM"
"674","232.583537200","::1","::1","TCP","76","80  >  53890 [SYN, ACK] Seq=0 Ack=1 Win=65535 Len=0 MSS=65475 WS=256 SACK_PERM"
"675","232.583583300","::1","::1","TCP","64","53890  >  80 [ACK] Seq=1 Ack=1 Win=2618880 Len=0"
"676","232.674742500","::1","::1","HTTP","1086","HTTP/1.1 200 OK  (text/html)"
"677","232.674765800","::1","::1","TCP","64","53886  >  80 [ACK] Seq=999 Ack=1023 Win=2617856 Len=0"
"678","232.698617300","::1","::1","HTTP","914","GET /interface/login_screen.php?error=1&site= HTTP/1.1 "
"679","232.698655400","::1","::1","TCP","64","80  >  53886 [ACK] Seq=1023 Ack=1849 Win=2618112 Len=0"
"680","232.740650900","::1","::1","HTTP","721","HTTP/1.1 200 OK  (text/html)"
"681","232.740676100","::1","::1","TCP","64","53886  >  80 [ACK] Seq=1849 Ack=1680 Win=2617088 Len=0"
"682","232.762725500","::1","::1","HTTP","898","GET /interface/login/login.php?site=default HTTP/1.1 "
"683","232.762763600","::1","::1","TCP","64","80  >  53886 [ACK] Seq=1680 Ack=2683 Win=2617088 Len=0"
"684","232.832259300","::1","::1","TCP","4152","80  >  53886 [PSH, ACK] Seq=1680 Ack=2683 Win=2617088 Len=4088 [TCP PDU reassembled in 686]"
"685","232.832285600","::1","::1","TCP","64","53886  >  80 [ACK] Seq=2683 Ack=5768 Win=2612992 Len=0"
"686","232.832313300","::1","::1","HTTP","3112","HTTP/1.1 200 OK  (text/html)"
"687","232.832323000","::1","::1","TCP","64","53886  >  80 [ACK] Seq=2683 Ack=8816 Win=2610176 Len=0"
"688","232.898407400","::1","::1","HTTP","832","GET /interface/product_registration/product_registration_controller.php HTTP/1.1 "
"689","232.898436600","::1","::1","TCP","64","80  >  53886 [ACK] Seq=8816 Ack=3451 Win=2616320 Len=0"
"690","232.937233300","::1","::1","HTTP/JSON","625","HTTP/1.1 200 OK , JSON (application/json)"
"691","232.937255900","::1","::1","TCP","64","53886  >  80 [ACK] Seq=3451 Ack=9377 Win=2609408 Len=0"
"692","237.905413100","::1","::1","HTTP","1061","POST /interface/main/main_screen.php?auth=login&site=default HTTP/1.1  (application/x-www-form-urlencoded)"
"693","237.905438700","::1","::1","TCP","64","80  >  53886 [ACK] Seq=9377 Ack=4448 Win=2615296 Len=0"
"694","237.995487400","::1","::1","HTTP","1083","HTTP/1.1 200 OK  (text/html)"
"695","237.995508600","::1","::1","TCP","64","53886  >  80 [ACK] Seq=4448 Ack=10396 Win=2608384 Len=0"
"696","238.019330600","::1","::1","HTTP","912","GET /interface/login_screen.php?error=1&site= HTTP/1.1 "
"697","238.019377900","::1","::1","TCP","64","80  >  53886 [ACK] Seq=10396 Ack=5296 Win=2614528 Len=0"
"698","238.061743600","::1","::1","HTTP","721","HTTP/1.1 200 OK  (text/html)"
"699","238.061772000","::1","::1","TCP","64","53886  >  80 [ACK] Seq=5296 Ack=11053 Win=2607872 Len=0"
"700","238.081133400","::1","::1","HTTP","896","GET /interface/login/login.php?site=default HTTP/1.1 "
"701","238.081173200","::1","::1","TCP","64","80  >  53886 [ACK] Seq=11053 Ack=6128 Win=2613760 Len=0"
"702","238.145698300","::1","::1","TCP","4152","80  >  53886 [PSH, ACK] Seq=11053 Ack=6128 Win=2613760 Len=4088 [TCP PDU reassembled in 704]"
"703","238.145727700","::1","::1","TCP","64","53886  >  80 [ACK] Seq=6128 Ack=15141 Win=2603776 Len=0"
"704","238.145754500","::1","::1","HTTP","3110","HTTP/1.1 200 OK  (text/html)"
"705","238.145761900","::1","::1","TCP","64","53886  >  80 [ACK] Seq=6128 Ack=18187 Win=2600704 Len=0"
"706","238.211244300","::1","::1","HTTP","830","GET /interface/product_registration/product_registration_controller.php HTTP/1.1 "
"707","238.211272000","::1","::1","TCP","64","80  >  53886 [ACK] Seq=18187 Ack=6894 Win=2612992 Len=0"
"708","238.255683900","::1","::1","HTTP/JSON","625","HTTP/1.1 200 OK , JSON (application/json)"
"709","238.255707200","::1","::1","TCP","64","53886  >  80 [ACK] Seq=6894 Ack=18748 Win=2600192 Len=0"
"710","243.261497700","::1","::1","TCP","64","80  >  53886 [FIN, ACK] Seq=18748 Ack=6894 Win=2612992 Len=0"
"711","243.261598800","::1","::1","TCP","64","53886  >  80 [ACK] Seq=6894 Ack=18749 Win=2600192 Len=0"
"712","244.595421600","::1","::1","TCP","64","53886  >  80 [FIN, ACK] Seq=6894 Ack=18749 Win=2600192 Len=0"
"713","244.595448800","::1","::1","TCP","64","80  >  53886 [ACK] Seq=18749 Ack=6895 Win=2612992 Len=0"
"714","244.595580200","::1","::1","HTTP","1062","POST /interface/main/main_screen.php?auth=login&site=default HTTP/1.1  (application/x-www-form-urlencoded)"
"715","244.595600200","::1","::1","TCP","64","80  >  53890 [ACK] Seq=1 Ack=999 Win=2618880 Len=0"
"716","244.598086300","::1","::1","TCP","76","53894  >  80 [SYN] Seq=0 Win=65535 Len=0 MSS=65475 WS=256 SACK_PERM"
"717","244.598128000","::1","::1","TCP","76","80  >  53894 [SYN, ACK] Seq=0 Ack=1 Win=65535 Len=0 MSS=65475 WS=256 SACK_PERM"
"718","244.598184000","::1","::1","TCP","64","53894  >  80 [ACK] Seq=1 Ack=1 Win=2618880 Len=0"
"719","244.692708400","::1","::1","HTTP","1082","HTTP/1.1 200 OK  (text/html)"
"720","244.692737700","::1","::1","TCP","64","53890  >  80 [ACK] Seq=999 Ack=1019 Win=2617856 Len=0"
"721","244.719040500","::1","::1","HTTP","910","GET /interface/login_screen.php?error=1&site= HTTP/1.1 "
"722","244.719070300","::1","::1","TCP","64","80  >  53890 [ACK] Seq=1019 Ack=1845 Win=2618112 Len=0"
"723","244.760843100","::1","::1","HTTP","721","HTTP/1.1 200 OK  (text/html)"
"724","244.760867500","::1","::1","TCP","64","53890  >  80 [ACK] Seq=1845 Ack=1676 Win=2617088 Len=0"
"725","244.783824300","::1","::1","HTTP","894","GET /interface/login/login.php?site=default HTTP/1.1 "
"726","244.783859700","::1","::1","TCP","64","80  >  53890 [ACK] Seq=1676 Ack=2675 Win=2617088 Len=0"
"727","244.856827700","::1","::1","TCP","4152","80  >  53890 [PSH, ACK] Seq=1676 Ack=2675 Win=2617088 Len=4088 [TCP PDU reassembled in 729]"
"728","244.856857900","::1","::1","TCP","64","53890  >  80 [ACK] Seq=2675 Ack=5764 Win=2612992 Len=0"
"729","244.856881600","::1","::1","HTTP","3108","HTTP/1.1 200 OK  (text/html)"
"730","244.856889000","::1","::1","TCP","64","53890  >  80 [ACK] Seq=2675 Ack=8808 Win=2610176 Len=0"
"731","244.922216400","::1","::1","HTTP","828","GET /interface/product_registration/product_registration_controller.php HTTP/1.1 "
"732","244.922244300","::1","::1","TCP","64","80  >  53890 [ACK] Seq=8808 Ack=3439 Win=2616320 Len=0"
"733","244.958832000","::1","::1","HTTP/JSON","625","HTTP/1.1 200 OK , JSON (application/json)"
"734","244.958853400","::1","::1","TCP","64","53890  >  80 [ACK] Seq=3439 Ack=9369 Win=2609408 Len=0"
"735","249.965421100","::1","::1","TCP","64","80  >  53890 [FIN, ACK] Seq=9369 Ack=3439 Win=2616320 Len=0"
"736","249.965513600","::1","::1","TCP","64","53890  >  80 [ACK] Seq=3439 Ack=9370 Win=2609408 Len=0"
"737","251.398110100","::1","::1","TCP","64","53890  >  80 [FIN, ACK] Seq=3439 Ack=9370 Win=2609408 Len=0"
"738","251.398140600","::1","::1","TCP","64","80  >  53890 [ACK] Seq=9370 Ack=3440 Win=2616320 Len=0"
"739","251.398293600","::1","::1","HTTP","1064","POST /interface/main/main_screen.php?auth=login&site=default HTTP/1.1  (application/x-www-form-urlencoded)"
"740","251.398315100","::1","::1","TCP","64","80  >  53894 [ACK] Seq=1 Ack=1001 Win=2618880 Len=0"
"741","251.400866100","::1","::1","TCP","76","53897  >  80 [SYN] Seq=0 Win=65535 Len=0 MSS=65475 WS=256 SACK_PERM"
"742","251.400925000","::1","::1","TCP","76","80  >  53897 [SYN, ACK] Seq=0 Ack=1 Win=65535 Len=0 MSS=65475 WS=256 SACK_PERM"
"743","251.400953500","::1","::1","TCP","64","53897  >  80 [ACK] Seq=1 Ack=1 Win=2618880 Len=0"
"744","251.488602000","::1","::1","HTTP","1082","HTTP/1.1 200 OK  (text/html)"
"745","251.488633300","::1","::1","TCP","64","53894  >  80 [ACK] Seq=1001 Ack=1019 Win=2617856 Len=0"
"746","251.512940300","::1","::1","HTTP","910","GET /interface/login_screen.php?error=1&site= HTTP/1.1 "
"747","251.512975800","::1","::1","TCP","64","80  >  53894 [ACK] Seq=1019 Ack=1847 Win=2618112 Len=0"
"748","251.555305400","::1","::1","HTTP","721","HTTP/1.1 200 OK  (text/html)"
"749","251.555331800","::1","::1","TCP","64","53894  >  80 [ACK] Seq=1847 Ack=1676 Win=2617088 Len=0"
"750","251.578082700","::1","::1","HTTP","894","GET /interface/login/login.php?site=default HTTP/1.1 "
"751","251.578115600","::1","::1","TCP","64","80  >  53894 [ACK] Seq=1676 Ack=2677 Win=2617088 Len=0"
"752","251.646703100","::1","::1","TCP","4152","80  >  53894 [PSH, ACK] Seq=1676 Ack=2677 Win=2617088 Len=4088 [TCP PDU reassembled in 754]"
"753","251.646728300","::1","::1","TCP","64","53894  >  80 [ACK] Seq=2677 Ack=5764 Win=2612992 Len=0"
"754","251.646753700","::1","::1","HTTP","3108","HTTP/1.1 200 OK  (text/html)"
"755","251.646762600","::1","::1","TCP","64","53894  >  80 [ACK] Seq=2677 Ack=8808 Win=2610176 Len=0"
"756","251.711985800","::1","::1","HTTP","828","GET /interface/product_registration/product_registration_controller.php HTTP/1.1 "
"757","251.712017100","::1","::1","TCP","64","80  >  53894 [ACK] Seq=8808 Ack=3441 Win=2616320 Len=0"
"758","251.758873000","::1","::1","HTTP/JSON","625","HTTP/1.1 200 OK , JSON (application/json)"
"759","251.758899600","::1","::1","TCP","64","53894  >  80 [ACK] Seq=3441 Ack=9369 Win=2609408 Len=0"
"760","256.763662500","::1","::1","TCP","64","80  >  53894 [FIN, ACK] Seq=9369 Ack=3441 Win=2616320 Len=0"
"761","256.763687300","::1","::1","TCP","64","53894  >  80 [ACK] Seq=3441 Ack=9370 Win=2609408 Len=0"
"762","259.435839600","::1","::1","TCP","64","53894  >  80 [FIN, ACK] Seq=3441 Ack=9370 Win=2609408 Len=0"
"763","259.435882500","::1","::1","TCP","64","80  >  53894 [ACK] Seq=9370 Ack=3442 Win=2616320 Len=0"
"764","259.436083700","::1","::1","HTTP","1065","POST /interface/main/main_screen.php?auth=login&site=default HTTP/1.1  (application/x-www-form-urlencoded)"
"765","259.436115100","::1","::1","TCP","64","80  >  53897 [ACK] Seq=1 Ack=1002 Win=2618880 Len=0"
"766","259.439400900","::1","::1","TCP","76","53899  >  80 [SYN] Seq=0 Win=65535 Len=0 MSS=65475 WS=256 SACK_PERM"
"767","259.439459200","::1","::1","TCP","76","80  >  53899 [SYN, ACK] Seq=0 Ack=1 Win=65535 Len=0 MSS=65475 WS=256 SACK_PERM"
"768","259.439503600","::1","::1","TCP","64","53899  >  80 [ACK] Seq=1 Ack=1 Win=2618880 Len=0"
"769","259.543280700","::1","::1","HTTP","1084","HTTP/1.1 200 OK  (text/html)"
"770","259.543304300","::1","::1","TCP","64","53897  >  80 [ACK] Seq=1002 Ack=1021 Win=2617856 Len=0"
"771","259.574194900","::1","::1","HTTP","912","GET /interface/login_screen.php?error=1&site= HTTP/1.1 "
"772","259.574236300","::1","::1","TCP","64","80  >  53897 [ACK] Seq=1021 Ack=1850 Win=2618112 Len=0"
"773","259.624944000","::1","::1","HTTP","721","HTTP/1.1 200 OK  (text/html)"
"774","259.624971300","::1","::1","TCP","64","53897  >  80 [ACK] Seq=1850 Ack=1678 Win=2617088 Len=0"
"775","259.651245400","::1","::1","HTTP","896","GET /interface/login/login.php?site=default HTTP/1.1 "
"776","259.651288700","::1","::1","TCP","64","80  >  53897 [ACK] Seq=1678 Ack=2682 Win=2617088 Len=0"
"777","259.737455600","::1","::1","TCP","4152","80  >  53897 [PSH, ACK] Seq=1678 Ack=2682 Win=2617088 Len=4088 [TCP PDU reassembled in 779]"
"778","259.737493700","::1","::1","TCP","64","53897  >  80 [ACK] Seq=2682 Ack=5766 Win=2612992 Len=0"
"779","259.737536300","::1","::1","HTTP","3110","HTTP/1.1 200 OK  (text/html)"
"780","259.737548900","::1","::1","TCP","64","53897  >  80 [ACK] Seq=2682 Ack=8812 Win=2610176 Len=0"
"781","259.999869600","::1","::1","HTTP","830","GET /interface/product_registration/product_registration_controller.php HTTP/1.1 "
"782","259.999920700","::1","::1","TCP","64","80  >  53897 [ACK] Seq=8812 Ack=3448 Win=2616320 Len=0"
"783","260.063862100","::1","::1","HTTP/JSON","625","HTTP/1.1 200 OK , JSON (application/json)"
"784","260.063894500","::1","::1","TCP","64","53897  >  80 [ACK] Seq=3448 Ack=9373 Win=2609408 Len=0"
"785","264.366278000","::1","::1","HTTP","1064","POST /interface/main/main_screen.php?auth=login&site=default HTTP/1.1  (application/x-www-form-urlencoded)"
"786","264.366311100","::1","::1","TCP","64","80  >  53897 [ACK] Seq=9373 Ack=4448 Win=2615552 Len=0"
"787","264.480179700","::1","::1","HTTP","1081","HTTP/1.1 200 OK  (text/html)"
"788","264.480202800","::1","::1","TCP","64","53897  >  80 [ACK] Seq=4448 Ack=10390 Win=2608384 Len=0"
"789","264.511656000","::1","::1","HTTP","910","GET /interface/login_screen.php?error=1&site= HTTP/1.1 "
"790","264.511698300","::1","::1","TCP","64","80  >  53897 [ACK] Seq=10390 Ack=5294 Win=2614528 Len=0"
"791","264.550457900","::1","::1","HTTP","721","HTTP/1.1 200 OK  (text/html)"
"792","264.550483500","::1","::1","TCP","64","53897  >  80 [ACK] Seq=5294 Ack=11047 Win=2607872 Len=0"
"793","264.581387900","::1","::1","HTTP","894","GET /interface/login/login.php?site=default HTTP/1.1 "
"794","264.581427300","::1","::1","TCP","64","80  >  53897 [ACK] Seq=11047 Ack=6124 Win=2613760 Len=0"
"795","264.662619800","::1","::1","TCP","4152","80  >  53897 [PSH, ACK] Seq=11047 Ack=6124 Win=2613760 Len=4088 [TCP PDU reassembled in 797]"
"796","264.662642800","::1","::1","TCP","64","53897  >  80 [ACK] Seq=6124 Ack=15135 Win=2603776 Len=0"
"797","264.662668300","::1","::1","HTTP","3108","HTTP/1.1 200 OK  (text/html)"
"798","264.662678300","::1","::1","TCP","64","53897  >  80 [ACK] Seq=6124 Ack=18179 Win=2600704 Len=0"
"799","264.742991300","::1","::1","HTTP","828","GET /interface/product_registration/product_registration_controller.php HTTP/1.1 "
"800","264.743034500","::1","::1","TCP","64","80  >  53897 [ACK] Seq=18179 Ack=6888 Win=2612992 Len=0"
"801","264.809911800","::1","::1","HTTP/JSON","625","HTTP/1.1 200 OK , JSON (application/json)"
"802","264.809939800","::1","::1","TCP","64","53897  >  80 [ACK] Seq=6888 Ack=18740 Win=2600192 Len=0"
"803","269.814894200","::1","::1","TCP","64","80  >  53897 [FIN, ACK] Seq=18740 Ack=6888 Win=2612992 Len=0"
"804","269.814916800","::1","::1","TCP","64","53897  >  80 [ACK] Seq=6888 Ack=18741 Win=2600192 Len=0"
"805","269.852331000","192.168.0.55","192.168.0.255","NBNS","82","Name query NB WPAD<00>"
"806","269.852581700","192.168.0.55","224.0.0.251","MDNS","60","Standard query 0x0000 A wpad.local, ""QM"" question"
"807","269.852807600","172.30.112.1","224.0.0.251","MDNS","60","Standard query 0x0000 A wpad.local, ""QM"" question"
"808","269.853009400","fe80::f21e:33e0:66a4:ebed","ff02::fb","MDNS","80","Standard query 0x0000 A wpad.local, ""QM"" question"
"809","269.853291900","fe80::27c2:50de:da9c:a364","ff02::fb","MDNS","80","Standard query 0x0000 A wpad.local, ""QM"" question"
"810","269.853597200","192.168.0.55","224.0.0.251","MDNS","60","Standard query 0x0000 AAAA wpad.local, ""QM"" question"
"811","269.853751100","172.30.112.1","224.0.0.251","MDNS","60","Standard query 0x0000 AAAA wpad.local, ""QM"" question"
"812","269.853863700","fe80::f21e:33e0:66a4:ebed","ff02::fb","MDNS","80","Standard query 0x0000 AAAA wpad.local, ""QM"" question"
"813","269.853969600","fe80::27c2:50de:da9c:a364","ff02::fb","MDNS","80","Standard query 0x0000 AAAA wpad.local, ""QM"" question"
"814","269.854330300","fe80::f21e:33e0:66a4:ebed","ff02::1:3","LLMNR","74","Standard query 0xe2cd A wpad"
"815","269.854573800","192.168.0.55","224.0.0.252","LLMNR","54","Standard query 0xe2cd A wpad"
"816","269.854736400","fe80::f21e:33e0:66a4:ebed","ff02::1:3","LLMNR","74","Standard query 0x43b8 AAAA wpad"
"817","269.854801500","192.168.0.55","224.0.0.252","LLMNR","54","Standard query 0x43b8 AAAA wpad"
"818","269.854973900","172.30.112.1","172.30.127.255","NBNS","82","Name query NB WPAD<00>"
"819","269.855118400","192.168.0.55","224.0.0.251","MDNS","60","Standard query 0x0000 A wpad.local, ""QM"" question"
"820","269.855264600","172.30.112.1","224.0.0.251","MDNS","60","Standard query 0x0000 A wpad.local, ""QM"" question"
"821","269.855388900","fe80::f21e:33e0:66a4:ebed","ff02::fb","MDNS","80","Standard query 0x0000 A wpad.local, ""QM"" question"
"822","269.855498600","fe80::27c2:50de:da9c:a364","ff02::fb","MDNS","80","Standard query 0x0000 A wpad.local, ""QM"" question"
"823","269.855718800","192.168.0.55","224.0.0.251","MDNS","60","Standard query 0x0000 AAAA wpad.local, ""QM"" question"
"824","269.855842000","172.30.112.1","224.0.0.251","MDNS","60","Standard query 0x0000 AAAA wpad.local, ""QM"" question"
"825","269.855942800","fe80::f21e:33e0:66a4:ebed","ff02::fb","MDNS","80","Standard query 0x0000 AAAA wpad.local, ""QM"" question"
"826","269.856039200","fe80::27c2:50de:da9c:a364","ff02::fb","MDNS","80","Standard query 0x0000 AAAA wpad.local, ""QM"" question"
"827","270.268048000","fe80::f21e:33e0:66a4:ebed","ff02::1:3","LLMNR","74","Standard query 0xe2cd A wpad"
"828","270.268064300","fe80::f21e:33e0:66a4:ebed","ff02::1:3","LLMNR","74","Standard query 0x43b8 AAAA wpad"
"829","270.268118400","192.168.0.55","224.0.0.252","LLMNR","54","Standard query 0xe2cd A wpad"
"830","270.268155000","192.168.0.55","224.0.0.252","LLMNR","54","Standard query 0x43b8 AAAA wpad"
"831","270.616650700","192.168.0.55","192.168.0.255","NBNS","82","Name query NB WPAD<00>"
"832","270.616795700","172.30.112.1","172.30.127.255","NBNS","82","Name query NB WPAD<00>"
"833","270.853118500","192.168.0.55","224.0.0.251","MDNS","60","Standard query 0x0000 A wpad.local, ""QM"" question"
"834","270.854309800","172.30.112.1","224.0.0.251","MDNS","60","Standard query 0x0000 A wpad.local, ""QM"" question"
"835","270.855318000","fe80::f21e:33e0:66a4:ebed","ff02::fb","MDNS","80","Standard query 0x0000 A wpad.local, ""QM"" question"
"836","270.856254600","fe80::27c2:50de:da9c:a364","ff02::fb","MDNS","80","Standard query 0x0000 A wpad.local, ""QM"" question"
"837","270.868609000","192.168.0.55","224.0.0.251","MDNS","60","Standard query 0x0000 AAAA wpad.local, ""QM"" question"
"838","270.869534400","172.30.112.1","224.0.0.251","MDNS","60","Standard query 0x0000 AAAA wpad.local, ""QM"" question"
"839","270.870199200","192.168.0.55","224.0.0.251","MDNS","60","Standard query 0x0000 A wpad.local, ""QM"" question"
"840","270.870634500","172.30.112.1","224.0.0.251","MDNS","60","Standard query 0x0000 A wpad.local, ""QM"" question"
"841","270.871038500","fe80::f21e:33e0:66a4:ebed","ff02::fb","MDNS","80","Standard query 0x0000 A wpad.local, ""QM"" question"
"842","270.871443100","fe80::27c2:50de:da9c:a364","ff02::fb","MDNS","80","Standard query 0x0000 A wpad.local, ""QM"" question"
"843","270.871841600","192.168.0.55","224.0.0.251","MDNS","60","Standard query 0x0000 AAAA wpad.local, ""QM"" question"
"844","270.872304500","172.30.112.1","224.0.0.251","MDNS","60","Standard query 0x0000 AAAA wpad.local, ""QM"" question"
"845","270.872719000","fe80::f21e:33e0:66a4:ebed","ff02::fb","MDNS","80","Standard query 0x0000 AAAA wpad.local, ""QM"" question"
"846","270.873041700","fe80::27c2:50de:da9c:a364","ff02::fb","MDNS","80","Standard query 0x0000 AAAA wpad.local, ""QM"" question"
"847","270.873797600","fe80::f21e:33e0:66a4:ebed","ff02::fb","MDNS","80","Standard query 0x0000 AAAA wpad.local, ""QM"" question"
"848","270.874203100","fe80::27c2:50de:da9c:a364","ff02::fb","MDNS","80","Standard query 0x0000 AAAA wpad.local, ""QM"" question"
"849","271.368502100","172.30.112.1","172.30.127.255","NBNS","82","Name query NB WPAD<00>"
"850","271.368847000","192.168.0.55","192.168.0.255","NBNS","82","Name query NB WPAD<00>"
"851","280.093499200","::1","::1","TCP","64","53897  >  80 [FIN, ACK] Seq=6888 Ack=18741 Win=2600192 Len=0"
"852","280.093516200","::1","::1","TCP","64","80  >  53897 [ACK] Seq=18741 Ack=6889 Win=2612992 Len=0"
"853","280.093709000","::1","::1","TCP","76","53916  >  80 [SYN] Seq=0 Win=65535 Len=0 MSS=65475 WS=256 SACK_PERM"
"854","280.093745200","::1","::1","TCP","76","80  >  53916 [SYN, ACK] Seq=0 Ack=1 Win=65535 Len=0 MSS=65475 WS=256 SACK_PERM"
"855","280.093773000","::1","::1","TCP","64","53916  >  80 [ACK] Seq=1 Ack=1 Win=2618880 Len=0"
"856","280.093977900","::1","::1","HTTP","1067","POST /interface/main/main_screen.php?auth=login&site=default HTTP/1.1  (application/x-www-form-urlencoded)"
"857","280.093997800","::1","::1","TCP","64","80  >  53899 [ACK] Seq=1 Ack=1004 Win=2618880 Len=0"
"858","280.192964700","::1","::1","HTTP","1084","HTTP/1.1 200 OK  (text/html)"
"859","280.192985900","::1","::1","TCP","64","53899  >  80 [ACK] Seq=1004 Ack=1021 Win=2617856 Len=0"
"860","280.216154100","::1","::1","HTTP","912","GET /interface/login_screen.php?error=1&site= HTTP/1.1 "
"861","280.216194700","::1","::1","TCP","64","80  >  53899 [ACK] Seq=1021 Ack=1852 Win=2618112 Len=0"
"862","280.258011300","::1","::1","HTTP","721","HTTP/1.1 200 OK  (text/html)"
"863","280.258036300","::1","::1","TCP","64","53899  >  80 [ACK] Seq=1852 Ack=1678 Win=2617088 Len=0"
"864","280.279789600","::1","::1","HTTP","896","GET /interface/login/login.php?site=default HTTP/1.1 "
"865","280.279831000","::1","::1","TCP","64","80  >  53899 [ACK] Seq=1678 Ack=2684 Win=2617088 Len=0"
"866","280.350370200","::1","::1","TCP","4152","80  >  53899 [PSH, ACK] Seq=1678 Ack=2684 Win=2617088 Len=4088 [TCP PDU reassembled in 868]"
"867","280.350394400","::1","::1","TCP","64","53899  >  80 [ACK] Seq=2684 Ack=5766 Win=2612992 Len=0"
"868","280.350416500","::1","::1","HTTP","3110","HTTP/1.1 200 OK  (text/html)"
"869","280.350424600","::1","::1","TCP","64","53899  >  80 [ACK] Seq=2684 Ack=8812 Win=2610176 Len=0"
"870","280.416681500","::1","::1","HTTP","830","GET /interface/product_registration/product_registration_controller.php HTTP/1.1 "
"871","280.416713300","::1","::1","TCP","64","80  >  53899 [ACK] Seq=8812 Ack=3450 Win=2616320 Len=0"
"872","280.458114100","::1","::1","HTTP/JSON","625","HTTP/1.1 200 OK , JSON (application/json)"
"873","280.458142000","::1","::1","TCP","64","53899  >  80 [ACK] Seq=3450 Ack=9373 Win=2609408 Len=0"
"874","283.504616000","::1","::1","HTTP","1061","POST /interface/main/main_screen.php?auth=login&site=default HTTP/1.1  (application/x-www-form-urlencoded)"
"875","283.504652600","::1","::1","TCP","64","80  >  53899 [ACK] Seq=9373 Ack=4447 Win=2615552 Len=0"
"876","283.585256900","::1","::1","HTTP","1081","HTTP/1.1 200 OK  (text/html)"
"877","283.585288500","::1","::1","TCP","64","53899  >  80 [ACK] Seq=4447 Ack=10390 Win=2608384 Len=0"
"878","283.613268200","::1","::1","HTTP","910","GET /interface/login_screen.php?error=1&site= HTTP/1.1 "
"879","283.613312300","::1","::1","TCP","64","80  >  53899 [ACK] Seq=10390 Ack=5293 Win=2614528 Len=0"
"880","283.655237300","::1","::1","HTTP","721","HTTP/1.1 200 OK  (text/html)"
"881","283.655261300","::1","::1","TCP","64","53899  >  80 [ACK] Seq=5293 Ack=11047 Win=2607872 Len=0"
"882","283.677484000","::1","::1","HTTP","894","GET /interface/login/login.php?site=default HTTP/1.1 "
"883","283.677514800","::1","::1","TCP","64","80  >  53899 [ACK] Seq=11047 Ack=6123 Win=2613760 Len=0"
"884","283.747878900","::1","::1","TCP","4152","80  >  53899 [PSH, ACK] Seq=11047 Ack=6123 Win=2613760 Len=4088 [TCP PDU reassembled in 886]"
"885","283.747904900","::1","::1","TCP","64","53899  >  80 [ACK] Seq=6123 Ack=15135 Win=2603776 Len=0"
"886","283.747931000","::1","::1","HTTP","3108","HTTP/1.1 200 OK  (text/html)"
"887","283.747940700","::1","::1","TCP","64","53899  >  80 [ACK] Seq=6123 Ack=18179 Win=2600704 Len=0"
"888","283.812233300","::1","::1","HTTP","828","GET /interface/product_registration/product_registration_controller.php HTTP/1.1 "
"889","283.812278000","::1","::1","TCP","64","80  >  53899 [ACK] Seq=18179 Ack=6887 Win=2612992 Len=0"
"890","283.877269900","::1","::1","HTTP/JSON","625","HTTP/1.1 200 OK , JSON (application/json)"
"891","283.877300500","::1","::1","TCP","64","53899  >  80 [ACK] Seq=6887 Ack=18740 Win=2600192 Len=0"
"892","288.881898900","::1","::1","TCP","64","80  >  53899 [FIN, ACK] Seq=18740 Ack=6887 Win=2612992 Len=0"
"893","288.881923500","::1","::1","TCP","64","53899  >  80 [ACK] Seq=6887 Ack=18741 Win=2600192 Len=0"
"894","289.087391100","::1","::1","TCP","64","53899  >  80 [FIN, ACK] Seq=6887 Ack=18741 Win=2600192 Len=0"
"895","289.087440600","::1","::1","TCP","64","80  >  53899 [ACK] Seq=18741 Ack=6888 Win=2612992 Len=0"
"896","289.087696600","::1","::1","HTTP","1066","POST /interface/main/main_screen.php?auth=login&site=default HTTP/1.1  (application/x-www-form-urlencoded)"
"897","289.087736500","::1","::1","TCP","64","80  >  53916 [ACK] Seq=1 Ack=1003 Win=2618880 Len=0"
"898","289.091953200","::1","::1","TCP","76","53917  >  80 [SYN] Seq=0 Win=65535 Len=0 MSS=65475 WS=256 SACK_PERM"
"899","289.092011300","::1","::1","TCP","76","80  >  53917 [SYN, ACK] Seq=0 Ack=1 Win=65535 Len=0 MSS=65475 WS=256 SACK_PERM"
"900","289.092057400","::1","::1","TCP","64","53917  >  80 [ACK] Seq=1 Ack=1 Win=2618880 Len=0"
"901","289.184247100","::1","::1","HTTP","1082","HTTP/1.1 200 OK  (text/html)"
"902","289.184273500","::1","::1","TCP","64","53916  >  80 [ACK] Seq=1003 Ack=1019 Win=2617856 Len=0"
"903","289.213510400","::1","::1","HTTP","910","GET /interface/login_screen.php?error=1&site= HTTP/1.1 "
"904","289.213553300","::1","::1","TCP","64","80  >  53916 [ACK] Seq=1019 Ack=1849 Win=2618112 Len=0"
"905","289.270225700","::1","::1","HTTP","721","HTTP/1.1 200 OK  (text/html)"
"906","289.270286000","::1","::1","TCP","64","53916  >  80 [ACK] Seq=1849 Ack=1676 Win=2617088 Len=0"
"907","289.296831000","::1","::1","HTTP","894","GET /interface/login/login.php?site=default HTTP/1.1 "
"908","289.296889300","::1","::1","TCP","64","80  >  53916 [ACK] Seq=1676 Ack=2679 Win=2617088 Len=0"
"909","289.388269900","::1","::1","TCP","4152","80  >  53916 [PSH, ACK] Seq=1676 Ack=2679 Win=2617088 Len=4088 [TCP PDU reassembled in 911]"
"910","289.388304100","::1","::1","TCP","64","53916  >  80 [ACK] Seq=2679 Ack=5764 Win=2612992 Len=0"
"911","289.388336700","::1","::1","HTTP","3108","HTTP/1.1 200 OK  (text/html)"
"912","289.388347500","::1","::1","TCP","64","53916  >  80 [ACK] Seq=2679 Ack=8808 Win=2610176 Len=0"
"913","289.468277700","::1","::1","HTTP","828","GET /interface/product_registration/product_registration_controller.php HTTP/1.1 "
"914","289.468308100","::1","::1","TCP","64","80  >  53916 [ACK] Seq=8808 Ack=3443 Win=2616320 Len=0"
"915","289.511931100","::1","::1","HTTP/JSON","625","HTTP/1.1 200 OK , JSON (application/json)"
"916","289.511956600","::1","::1","TCP","64","53916  >  80 [ACK] Seq=3443 Ack=9369 Win=2609408 Len=0"
"917","294.054989200","::1","::1","HTTP","1066","POST /interface/main/main_screen.php?auth=login&site=default HTTP/1.1  (application/x-www-form-urlencoded)"
"918","294.055017400","::1","::1","TCP","64","80  >  53916 [ACK] Seq=9369 Ack=4445 Win=2615552 Len=0"
"919","294.150752700","::1","::1","HTTP","1083","HTTP/1.1 200 OK  (text/html)"
"920","294.150773000","::1","::1","TCP","64","53916  >  80 [ACK] Seq=4445 Ack=10388 Win=2608384 Len=0"
"921","294.175813500","::1","::1","HTTP","912","GET /interface/login_screen.php?error=1&site= HTTP/1.1 "
"922","294.175852700","::1","::1","TCP","64","80  >  53916 [ACK] Seq=10388 Ack=5293 Win=2614528 Len=0"
"923","294.261244200","::1","::1","HTTP","721","HTTP/1.1 200 OK  (text/html)"
"924","294.261277900","::1","::1","TCP","64","53916  >  80 [ACK] Seq=5293 Ack=11045 Win=2607872 Len=0"
"925","294.285796900","::1","::1","HTTP","896","GET /interface/login/login.php?site=default HTTP/1.1 "
"926","294.285830700","::1","::1","TCP","64","80  >  53916 [ACK] Seq=11045 Ack=6125 Win=2613760 Len=0"
"927","294.362012100","::1","::1","TCP","4152","80  >  53916 [PSH, ACK] Seq=11045 Ack=6125 Win=2613760 Len=4088 [TCP PDU reassembled in 929]"
"928","294.362043200","::1","::1","TCP","64","53916  >  80 [ACK] Seq=6125 Ack=15133 Win=2603776 Len=0"
"929","294.362077900","::1","::1","HTTP","3110","HTTP/1.1 200 OK  (text/html)"
"930","294.362090900","::1","::1","TCP","64","53916  >  80 [ACK] Seq=6125 Ack=18179 Win=2600704 Len=0"
"931","294.431749700","::1","::1","HTTP","830","GET /interface/product_registration/product_registration_controller.php HTTP/1.1 "
"932","294.431777900","::1","::1","TCP","64","80  >  53916 [ACK] Seq=18179 Ack=6891 Win=2612992 Len=0"
"933","294.474908800","::1","::1","HTTP/JSON","625","HTTP/1.1 200 OK , JSON (application/json)"
"934","294.474933500","::1","::1","TCP","64","53916  >  80 [ACK] Seq=6891 Ack=18740 Win=2600192 Len=0"
"935","299.480442000","::1","::1","TCP","64","80  >  53916 [FIN, ACK] Seq=18740 Ack=6891 Win=2612992 Len=0"
